[Architectury Transformer DEBUG] 
[Architectury Transformer DEBUG] ============================
[Architectury Transformer DEBUG] Transforming from F:\Projects\Games\Moddable\Mc\Programmation\Mods\Cross-Port\BlueMapOfflinePlayerMarkersNeoForge\common\build\devlibs\bluemapofflineplayermarkers-common-1.4.1-dev.jar to F:\Projects\Games\Moddable\Mc\Programmation\Mods\Cross-Port\BlueMapOfflinePlayerMarkersNeoForge\common\build\libs\bluemapofflineplayermarkers-common-1.4.1-transformProductionNeoForge.jar
[Architectury Transformer DEBUG] ============================
[Architectury Transformer DEBUG] 
[Architectury Transformer DEBUG] Transforming 5 transformer(s) from F:\Projects\Games\Moddable\Mc\Programmation\Mods\Cross-Port\BlueMapOfflinePlayerMarkersNeoForge\common\build\devlibs\bluemapofflineplayermarkers-common-1.4.1-dev.jar to F:\Projects\Games\Moddable\Mc\Programmation\Mods\Cross-Port\BlueMapOfflinePlayerMarkersNeoForge\common\build\libs\bluemapofflineplayermarkers-common-1.4.1-transformProductionNeoForge.jar: 
[Architectury Transformer DEBUG]  - dev.architectury.transformer.transformers.TransformExpectPlatform@12ed1d5b
[Architectury Transformer DEBUG]  - dev.architectury.transformer.transformers.RemapInjectables@556e514b
[Architectury Transformer DEBUG]  - dev.architectury.transformer.transformers.TransformPlatformOnly@6ccd50b3
[Architectury Transformer DEBUG]  - dev.architectury.transformer.transformers.TransformNeoForgeAnnotations@b7be4f2
[Architectury Transformer DEBUG]  - dev.architectury.transformer.transformers.TransformNeoForgeEnvironment@71863703
[Architectury Transformer DEBUG] Transforming from F:\Projects\Games\Moddable\Mc\Programmation\Mods\Cross-Port\BlueMapOfflinePlayerMarkersNeoForge\common\build\devlibs\bluemapofflineplayermarkers-common-1.4.1-dev.jar to F:\Projects\Games\Moddable\Mc\Programmation\Mods\Cross-Port\BlueMapOfflinePlayerMarkersNeoForge\common\build\libs\bluemapofflineplayermarkers-common-1.4.1-transformProductionNeoForge.jar with 5 transformer(s) on dev.architectury.transformer.handler.SimpleTransformerHandler
[Architectury Transformer DEBUG] Remapping with 1 mapping provider(s):
[Architectury Transformer DEBUG]  - dev.architectury.transformer.transformers.TransformNeoForgeEnvironment$$Lambda/0x0000020c8227d1c8@433af22d
[Architectury Transformer DEBUG] Provided 77 classpath jar(s):
[Architectury Transformer DEBUG]  - C:\Users\flori\.gradle\caches\modules-2\files-2.1\org.jetbrains.kotlinx\kotlinx-serialization-json-jvm\1.7.3\6701e8c68d9e82387ce72ee96e8ddf058208d58f\kotlinx-serialization-json-jvm-1.7.3.jar
[Architectury Transformer DEBUG]  - C:\Users\flori\.gradle\caches\modules-2\files-2.1\org.jetbrains.kotlinx\kotlinx-serialization-core-jvm\1.7.3\1f226780b845ff9206474c05159245d861556249\kotlinx-serialization-core-jvm-1.7.3.jar
[Architectury Transformer DEBUG]  - C:\Users\flori\.gradle\caches\modules-2\files-2.1\org.jetbrains.kotlin\kotlin-stdlib\2.0.20\7388d355f7cceb002cd387ccb7ab3850e4e0a07f\kotlin-stdlib-2.0.20.jar
[Architectury Transformer DEBUG]  - C:\Users\flori\.gradle\caches\modules-2\files-2.1\dev.architectury\architectury-injectables\1.0.10\62db2a366d662606d1b23ad02ccc3212ed37ec3\architectury-injectables-1.0.10.jar
[Architectury Transformer DEBUG]  - C:\Users\flori\.gradle\caches\modules-2\files-2.1\net.fabricmc\fabric-loader\0.16.10\dbd932c2a3641d2c41cf9abfe47e140a5753fa86\fabric-loader-0.16.10.jar
[Architectury Transformer DEBUG]  - C:\Users\flori\.gradle\caches\modules-2\files-2.1\org.jetbrains\annotations\24.1.0\7af6a669488450c4a07c2c3254e2151df42d7d04\annotations-24.1.0.jar
[Architectury Transformer DEBUG]  - C:\Users\flori\.gradle\caches\modules-2\files-2.1\de.bluecolored\bluemap-api\2.7.3\c4a575033e2bda2f7e9bfc647a45ca5c11fe1feb\bluemap-api-2.7.3.jar
[Architectury Transformer DEBUG]  - C:\Users\flori\.gradle\caches\modules-2\files-2.1\org.ow2.asm\asm\9.7.1\f0ed132a49244b042cd0e15702ab9f2ce3cc8436\asm-9.7.1.jar
[Architectury Transformer DEBUG]  - C:\Users\flori\.gradle\caches\modules-2\files-2.1\org.ow2.asm\asm-analysis\9.7.1\f97a3b319f0ed6a8cd944dc79060d3912a28985f\asm-analysis-9.7.1.jar
[Architectury Transformer DEBUG]  - C:\Users\flori\.gradle\caches\modules-2\files-2.1\org.ow2.asm\asm-commons\9.7.1\406c6a2225cfe1819f102a161e54cc16a5c24f75\asm-commons-9.7.1.jar
[Architectury Transformer DEBUG]  - C:\Users\flori\.gradle\caches\modules-2\files-2.1\org.ow2.asm\asm-tree\9.7.1\3a53139787663b139de76b627fca0084ab60d32c\asm-tree-9.7.1.jar
[Architectury Transformer DEBUG]  - C:\Users\flori\.gradle\caches\modules-2\files-2.1\org.ow2.asm\asm-util\9.7.1\9e23359b598ec6b74b23e53110dd5c577adf2243\asm-util-9.7.1.jar
[Architectury Transformer DEBUG]  - C:\Users\flori\.gradle\caches\modules-2\files-2.1\net.fabricmc\sponge-mixin\0.15.4+mixin.0.8.7\6a12aacc794f1078458433116e9ed42c1cc98096\sponge-mixin-0.15.4+mixin.0.8.7.jar
[Architectury Transformer DEBUG]  - C:\Users\flori\.gradle\caches\modules-2\files-2.1\io.github.llamalad7\mixinextras-fabric\0.4.1\8d1a9e96afb990367fa1f904d17580d164da72e3\mixinextras-fabric-0.4.1.jar
[Architectury Transformer DEBUG]  - C:\Users\flori\.gradle\caches\modules-2\files-2.1\com.fasterxml.jackson.core\jackson-annotations\2.13.4\858c6cc78e1f08a885b1613e1d817c829df70a6e\jackson-annotations-2.13.4.jar
[Architectury Transformer DEBUG]  - C:\Users\flori\.gradle\caches\modules-2\files-2.1\com.fasterxml.jackson.core\jackson-core\2.13.4\cf934c681294b97ef6d80082faeefbe1edadf56\jackson-core-2.13.4.jar
[Architectury Transformer DEBUG]  - C:\Users\flori\.gradle\caches\modules-2\files-2.1\com.fasterxml.jackson.core\jackson-databind\2.13.4.2\325c06bdfeb628cfb80ebaaf1a26cc1eb558a585\jackson-databind-2.13.4.2.jar
[Architectury Transformer DEBUG]  - C:\Users\flori\.gradle\caches\modules-2\files-2.1\com.github.oshi\oshi-core\6.6.5\e1099981fd15dc4236c4499d82aba1276fb43a9a\oshi-core-6.6.5.jar
[Architectury Transformer DEBUG]  - C:\Users\flori\.gradle\caches\modules-2\files-2.1\com.github.stephenc.jcip\jcip-annotations\1.0-1\ef31541dd28ae2cefdd17c7ebf352d93e9058c63\jcip-annotations-1.0-1.jar
[Architectury Transformer DEBUG]  - C:\Users\flori\.gradle\caches\modules-2\files-2.1\com.google.code.gson\gson\2.11.0\527175ca6d81050b53bdd4c457a6d6e017626b0e\gson-2.11.0.jar
[Architectury Transformer DEBUG]  - C:\Users\flori\.gradle\caches\modules-2\files-2.1\com.google.guava\failureaccess\1.0.2\c4a06a64e650562f30b7bf9aaec1bfed43aca12b\failureaccess-1.0.2.jar
[Architectury Transformer DEBUG]  - C:\Users\flori\.gradle\caches\modules-2\files-2.1\com.google.guava\guava\33.3.1-jre\852f8b363da0111e819460021ca693cacca3e8db\guava-33.3.1-jre.jar
[Architectury Transformer DEBUG]  - C:\Users\flori\.gradle\caches\modules-2\files-2.1\com.ibm.icu\icu4j\76.1\215f3a8e936d4069344bd75f2b1368fd58112894\icu4j-76.1.jar
[Architectury Transformer DEBUG]  - C:\Users\flori\.gradle\caches\modules-2\files-2.1\com.microsoft.azure\msal4j\1.17.2\a6211e3d71d0388929babaa0ff0951b30d001852\msal4j-1.17.2.jar
[Architectury Transformer DEBUG]  - C:\Users\flori\.gradle\caches\modules-2\files-2.1\com.mojang\authlib\6.0.57\bded3161a7346de32213da750388ec6529fe4f6b\authlib-6.0.57.jar
[Architectury Transformer DEBUG]  - C:\Users\flori\.gradle\caches\modules-2\files-2.1\com.mojang\blocklist\1.0.10\5c685c5ffa94c4cd39496c7184c1d122e515ecef\blocklist-1.0.10.jar
[Architectury Transformer DEBUG]  - C:\Users\flori\.gradle\caches\modules-2\files-2.1\com.mojang\brigadier\1.3.10\d15b53a14cf20fdcaa98f731af5dda654452c010\brigadier-1.3.10.jar
[Architectury Transformer DEBUG]  - C:\Users\flori\.gradle\caches\modules-2\files-2.1\com.mojang\datafixerupper\8.0.16\67d4de6d7f95d89bcf5862995fb854ebaec02a34\datafixerupper-8.0.16.jar
[Architectury Transformer DEBUG]  - C:\Users\flori\.gradle\caches\modules-2\files-2.1\com.mojang\jtracy\1.0.29\6f07dcb6a2e595c7ee2ca43b67e5d1c018ca0770\jtracy-1.0.29.jar
[Architectury Transformer DEBUG]  - C:\Users\flori\.gradle\caches\modules-2\files-2.1\com.mojang\logging\1.5.10\9ab1202793717af9df9c1704d0a02892067001eb\logging-1.5.10.jar
[Architectury Transformer DEBUG]  - C:\Users\flori\.gradle\caches\modules-2\files-2.1\com.mojang\patchy\2.2.10\da05971b07cbb379d002cf7eaec6a2048211fefc\patchy-2.2.10.jar
[Architectury Transformer DEBUG]  - C:\Users\flori\.gradle\caches\modules-2\files-2.1\com.mojang\text2speech\1.17.9\3cad216e3a7f0c19b4b394388bc9ffc446f13b14\text2speech-1.17.9.jar
[Architectury Transformer DEBUG]  - C:\Users\flori\.gradle\caches\modules-2\files-2.1\com.nimbusds\content-type\2.3\e3aa0be212d7a42839a8f3f506f5b990bcce0222\content-type-2.3.jar
[Architectury Transformer DEBUG]  - C:\Users\flori\.gradle\caches\modules-2\files-2.1\com.nimbusds\lang-tag\1.7\97c73ecd70bc7e8eefb26c5eea84f251a63f1031\lang-tag-1.7.jar
[Architectury Transformer DEBUG]  - C:\Users\flori\.gradle\caches\modules-2\files-2.1\com.nimbusds\nimbus-jose-jwt\9.40\42b1dfa0360e4062951b070bac52dd8d96fd7b38\nimbus-jose-jwt-9.40.jar
[Architectury Transformer DEBUG]  - C:\Users\flori\.gradle\caches\modules-2\files-2.1\com.nimbusds\oauth2-oidc-sdk\11.18\7c7ec4f4066625ff07a711ad856fa04da1ff9de\oauth2-oidc-sdk-11.18.jar
[Architectury Transformer DEBUG]  - C:\Users\flori\.gradle\caches\modules-2\files-2.1\commons-codec\commons-codec\1.17.1\973638b7149d333563584137ebf13a691bb60579\commons-codec-1.17.1.jar
[Architectury Transformer DEBUG]  - C:\Users\flori\.gradle\caches\modules-2\files-2.1\commons-io\commons-io\2.17.0\ddcc8433eb019fb48fe25207c0278143f3e1d7e2\commons-io-2.17.0.jar
[Architectury Transformer DEBUG]  - C:\Users\flori\.gradle\caches\modules-2\files-2.1\commons-logging\commons-logging\1.3.4\b9fc14968d63a8b8a8a2c1885fe3e90564239708\commons-logging-1.3.4.jar
[Architectury Transformer DEBUG]  - C:\Users\flori\.gradle\caches\modules-2\files-2.1\io.netty\netty-buffer\4.1.115.Final\d5daf1030e5c36d198caf7562da2441a97ec0df6\netty-buffer-4.1.115.Final.jar
[Architectury Transformer DEBUG]  - C:\Users\flori\.gradle\caches\modules-2\files-2.1\io.netty\netty-codec\4.1.115.Final\d326bf3a4c785b272da3db6941779a1bd5448378\netty-codec-4.1.115.Final.jar
[Architectury Transformer DEBUG]  - C:\Users\flori\.gradle\caches\modules-2\files-2.1\io.netty\netty-common\4.1.115.Final\9da10a9f72e3f87e181d91b525174007a6fc4f11\netty-common-4.1.115.Final.jar
[Architectury Transformer DEBUG]  - C:\Users\flori\.gradle\caches\modules-2\files-2.1\io.netty\netty-handler\4.1.115.Final\d54dbf68b9d88a98240107758c6b63da5e46e23a\netty-handler-4.1.115.Final.jar
[Architectury Transformer DEBUG]  - C:\Users\flori\.gradle\caches\modules-2\files-2.1\io.netty\netty-resolver\4.1.115.Final\e33b4d476c03975957f5d8d0319d592bf2bc5e96\netty-resolver-4.1.115.Final.jar
[Architectury Transformer DEBUG]  - C:\Users\flori\.gradle\caches\modules-2\files-2.1\io.netty\netty-transport-classes-epoll\4.1.115.Final\11fea00408ecbd8b8d1f0698d708e37db4a01841\netty-transport-classes-epoll-4.1.115.Final.jar
[Architectury Transformer DEBUG]  - C:\Users\flori\.gradle\caches\modules-2\files-2.1\io.netty\netty-transport-native-unix-common\4.1.115.Final\dc96c67d06cd6b5eb677f2728f27bf2e3d9a7284\netty-transport-native-unix-common-4.1.115.Final.jar
[Architectury Transformer DEBUG]  - C:\Users\flori\.gradle\caches\modules-2\files-2.1\io.netty\netty-transport\4.1.115.Final\39cef77c1a25908ac1abf4960c2e789f0bf70ff9\netty-transport-4.1.115.Final.jar
[Architectury Transformer DEBUG]  - C:\Users\flori\.gradle\caches\modules-2\files-2.1\it.unimi.dsi\fastutil\8.5.15\1e885b40c9563ab0d3899b871fd0b30e958705dc\fastutil-8.5.15.jar
[Architectury Transformer DEBUG]  - C:\Users\flori\.gradle\caches\modules-2\files-2.1\net.java.dev.jna\jna-platform\5.15.0\86b502cad57d45da172b5e3231c537b042e296ef\jna-platform-5.15.0.jar
[Architectury Transformer DEBUG]  - C:\Users\flori\.gradle\caches\modules-2\files-2.1\net.java.dev.jna\jna\5.15.0\1ee1d80ff44f08280188f7c0e740d57207841ac\jna-5.15.0.jar
[Architectury Transformer DEBUG]  - C:\Users\flori\.gradle\caches\modules-2\files-2.1\net.minidev\accessors-smart\2.5.1\19b820261eb2e7de7d5bde11d1c06e4501dd7e5f\accessors-smart-2.5.1.jar
[Architectury Transformer DEBUG]  - C:\Users\flori\.gradle\caches\modules-2\files-2.1\net.minidev\json-smart\2.5.1\4c11d2808d009132dfbbf947ebf37de6bf266c8e\json-smart-2.5.1.jar
[Architectury Transformer DEBUG]  - C:\Users\flori\.gradle\caches\modules-2\files-2.1\net.sf.jopt-simple\jopt-simple\5.0.4\4fdac2fbe92dfad86aa6e9301736f6b4342a3f5c\jopt-simple-5.0.4.jar
[Architectury Transformer DEBUG]  - C:\Users\flori\.gradle\caches\modules-2\files-2.1\org.apache.commons\commons-compress\1.27.1\a19151084758e2fbb6b41eddaa88e7b8ff4e6599\commons-compress-1.27.1.jar
[Architectury Transformer DEBUG]  - C:\Users\flori\.gradle\caches\modules-2\files-2.1\org.apache.commons\commons-lang3\3.17.0\b17d2136f0460dcc0d2016ceefca8723bdf4ee70\commons-lang3-3.17.0.jar
[Architectury Transformer DEBUG]  - C:\Users\flori\.gradle\caches\modules-2\files-2.1\org.apache.httpcomponents\httpclient\4.5.14\1194890e6f56ec29177673f2f12d0b8e627dec98\httpclient-4.5.14.jar
[Architectury Transformer DEBUG]  - C:\Users\flori\.gradle\caches\modules-2\files-2.1\org.apache.httpcomponents\httpcore\4.4.16\51cf043c87253c9f58b539c9f7e44c8894223850\httpcore-4.4.16.jar
[Architectury Transformer DEBUG]  - C:\Users\flori\.gradle\caches\modules-2\files-2.1\org.apache.logging.log4j\log4j-api\2.24.1\7ebeb12c20606373005af4232cd0ecca72613dda\log4j-api-2.24.1.jar
[Architectury Transformer DEBUG]  - C:\Users\flori\.gradle\caches\modules-2\files-2.1\org.apache.logging.log4j\log4j-core\2.24.1\c85285146f28d8c8962384f786e2dff04172fb43\log4j-core-2.24.1.jar
[Architectury Transformer DEBUG]  - C:\Users\flori\.gradle\caches\modules-2\files-2.1\org.apache.logging.log4j\log4j-slf4j2-impl\2.24.1\8e3ddc96464ef7f768823e7e001a52b23de8cd0a\log4j-slf4j2-impl-2.24.1.jar
[Architectury Transformer DEBUG]  - C:\Users\flori\.gradle\caches\modules-2\files-2.1\org.jcraft\jorbis\0.0.17\8872d22b293e8f5d7d56ff92be966e6dc28ebdc6\jorbis-0.0.17.jar
[Architectury Transformer DEBUG]  - C:\Users\flori\.gradle\caches\modules-2\files-2.1\org.joml\joml\1.10.8\fc0a71dad90a2cf41d82a76156a0e700af8e4f8d\joml-1.10.8.jar
[Architectury Transformer DEBUG]  - C:\Users\flori\.gradle\caches\modules-2\files-2.1\org.lwjgl\lwjgl-freetype\3.3.3\a0db6c84a8becc8ca05f9dbfa985edc348a824c7\lwjgl-freetype-3.3.3.jar
[Architectury Transformer DEBUG]  - C:\Users\flori\.gradle\caches\modules-2\files-2.1\org.lwjgl\lwjgl-glfw\3.3.3\efa1eb78c5ccd840e9f329717109b5e892d72f8e\lwjgl-glfw-3.3.3.jar
[Architectury Transformer DEBUG]  - C:\Users\flori\.gradle\caches\modules-2\files-2.1\org.lwjgl\lwjgl-jemalloc\3.3.3\b543467b7ff3c6920539a88ee602d34098628be5\lwjgl-jemalloc-3.3.3.jar
[Architectury Transformer DEBUG]  - C:\Users\flori\.gradle\caches\modules-2\files-2.1\org.lwjgl\lwjgl-openal\3.3.3\daada81ceb5fc0c291fbfdd4433cb8d9423577f2\lwjgl-openal-3.3.3.jar
[Architectury Transformer DEBUG]  - C:\Users\flori\.gradle\caches\modules-2\files-2.1\org.lwjgl\lwjgl-opengl\3.3.3\2f6b0147078396a58979125a4c947664e98293a\lwjgl-opengl-3.3.3.jar
[Architectury Transformer DEBUG]  - C:\Users\flori\.gradle\caches\modules-2\files-2.1\org.lwjgl\lwjgl-stb\3.3.3\25dd6161988d7e65f71d5065c99902402ee32746\lwjgl-stb-3.3.3.jar
[Architectury Transformer DEBUG]  - C:\Users\flori\.gradle\caches\modules-2\files-2.1\org.lwjgl\lwjgl-tinyfd\3.3.3\82d755ca94b102e9ca77283b9e2dc46d1b15fbe5\lwjgl-tinyfd-3.3.3.jar
[Architectury Transformer DEBUG]  - C:\Users\flori\.gradle\caches\modules-2\files-2.1\org.lwjgl\lwjgl\3.3.3\29589b5f87ed335a6c7e7ee6a5775f81f97ecb84\lwjgl-3.3.3.jar
[Architectury Transformer DEBUG]  - C:\Users\flori\.gradle\caches\modules-2\files-2.1\org.lz4\lz4-java\1.8.0\4b986a99445e49ea5fbf5d149c4b63f6ed6c6780\lz4-java-1.8.0.jar
[Architectury Transformer DEBUG]  - C:\Users\flori\.gradle\caches\modules-2\files-2.1\org.slf4j\slf4j-api\2.0.16\172931663a09a1fa515567af5fbef00897d3c04\slf4j-api-2.0.16.jar
[Architectury Transformer DEBUG]  - C:\Users\flori\.gradle\caches\fabric-loom\minecraftMaven\net\minecraft\minecraft-merged\1.21.4-loom.mappings.1_21_4.layered+hash.40545-v2\minecraft-merged-1.21.4-loom.mappings.1_21_4.layered+hash.40545-v2.jar
[Architectury Transformer DEBUG]  - C:\Users\flori\.gradle\caches\modules-2\files-2.1\io.netty\netty-transport-native-epoll\4.1.115.Final\a6cc58c4a259bad159cbb06120cea9b3474e86a0\netty-transport-native-epoll-4.1.115.Final-linux-x86_64.jar
[Architectury Transformer DEBUG]  - C:\Users\flori\.gradle\caches\modules-2\files-2.1\io.netty\netty-transport-native-epoll\4.1.115.Final\a80b32f98ceb4e27958c0ceaf22ddad9ea6c0d4e\netty-transport-native-epoll-4.1.115.Final-linux-aarch_64.jar
[Architectury Transformer DEBUG]  - C:\Users\flori\.gradle\caches\modules-2\files-2.1\com.flowpowered\flow-math\1.0.3\d98020239e5015091ad3be927cef9dea0d61a234\flow-math-1.0.3.jar
[Architectury Transformer DEBUG]  - C:\Users\flori\.gradle\caches\modules-2\files-2.1\com.google.errorprone\error_prone_annotations\2.27.0\91b2c29d8a6148b5e2e4930f070d4840e2e48e34\error_prone_annotations-2.27.0.jar
[Architectury Transformer] Read classpath in 1.525 s
[Architectury Transformer DEBUG] Remapping Classes:
[Architectury Transformer DEBUG] net/fabricmc/api/EnvType -> net/neoforged/api/distmarker/Dist
[Architectury Transformer DEBUG] net/fabricmc/api/Environment -> net/neoforged/api/distmarker/OnlyIn
[Architectury Transformer DEBUG] Found class transformer
[Architectury Transformer DEBUG] Writing fr/florian4600/serverutils/Translatable with maxs=true frames=true
[Architectury Transformer DEBUG] Writing fr/florian4600/compatutils/CompatibilityUtilities with maxs=true frames=true
[Architectury Transformer DEBUG] Writing com/technicjelle/BMUtils with maxs=true frames=true
[Architectury Transformer DEBUG] Writing com/technicjelle/bluemapofflineplayermarkers/Bukkit2ForgeKt with maxs=true frames=true
[Architectury Transformer DEBUG] Writing com/technicjelle/bluemapofflineplayermarkers/ConfigManager$Config with maxs=true frames=true
[Architectury Transformer DEBUG] Writing com/technicjelle/bluemapofflineplayermarkers/MarkerHandler with maxs=true frames=true
[Architectury Transformer DEBUG] Writing com/technicjelle/bluemapofflineplayermarkers/ConfigManager$Config$$serializer with maxs=true frames=true
[Architectury Transformer DEBUG] Writing com/technicjelle/bluemapofflineplayermarkers/BlueMapOfflinePlayerMarkers with maxs=true frames=true
[Architectury Transformer DEBUG] Writing com/technicjelle/bluemapofflineplayermarkers/ConfigManager$BannedPlayer$$serializer with maxs=true frames=true
[Architectury Transformer DEBUG] Writing com/technicjelle/bluemapofflineplayermarkers/ConfigManager$BannedPlayer with maxs=true frames=true
[Architectury Transformer DEBUG] Writing com/technicjelle/bluemapofflineplayermarkers/ConfigManager with maxs=true frames=true
[Architectury Transformer DEBUG] Writing com/technicjelle/bluemapofflineplayermarkers/ConfigManager$BannedPlayer$Companion with maxs=true frames=true
[Architectury Transformer DEBUG] Writing com/technicjelle/bluemapofflineplayermarkers/ConfigManager$Config$GameMode$Companion with maxs=true frames=true
[Architectury Transformer DEBUG] Writing com/technicjelle/bluemapofflineplayermarkers/ConfigManager$Config$GameMode with maxs=true frames=true
[Architectury Transformer DEBUG] Writing com/technicjelle/bluemapofflineplayermarkers/ConfigManager$Config$Companion with maxs=true frames=true
[Architectury Transformer DEBUG] Writing com/technicjelle/bluemapofflineplayermarkers/struct/OfflinePlayer with maxs=true frames=true
[Architectury Transformer DEBUG] Writing com/technicjelle/bluemapofflineplayermarkers/events/OPMEventHandler$Companion with maxs=true frames=true
[Architectury Transformer DEBUG] Writing com/technicjelle/bluemapofflineplayermarkers/events/OPMEventHandler with maxs=true frames=true
[Architectury Transformer DEBUG] Writing com/technicjelle/bluemapofflineplayermarkers/commands/FakeMarkerCommand$Companion with maxs=true frames=true
[Architectury Transformer DEBUG] Writing com/technicjelle/bluemapofflineplayermarkers/commands/DeleteMarkerCommand$Companion with maxs=true frames=true
[Architectury Transformer DEBUG] Writing com/technicjelle/bluemapofflineplayermarkers/commands/DeleteMarkerCommand with maxs=true frames=true
[Architectury Transformer DEBUG] Writing com/technicjelle/bluemapofflineplayermarkers/commands/FakeMarkerCommand with maxs=true frames=true
[Architectury Transformer DEBUG] Closed File Systems for F:\Projects\Games\Moddable\Mc\Programmation\Mods\Cross-Port\BlueMapOfflinePlayerMarkersNeoForge\common\build\libs\bluemapofflineplayermarkers-common-1.4.1-transformProductionNeoForge.jar
[Architectury Transformer] Transformed jar with 5 transformer(s) in 2.041 s
[Architectury Transformer DEBUG] Closed File Systems for F:\Projects\Games\Moddable\Mc\Programmation\Mods\Cross-Port\BlueMapOfflinePlayerMarkersNeoForge\common\build\libs\bluemapofflineplayermarkers-common-1.4.1.jar
[Architectury Transformer DEBUG] 
[Architectury Transformer DEBUG] ============================
[Architectury Transformer DEBUG] Transforming from F:\Projects\Games\Moddable\Mc\Programmation\Mods\Cross-Port\BlueMapOfflinePlayerMarkersNeoForge\common\build\devlibs\bluemapofflineplayermarkers-common-1.4.1-dev.jar to F:\Projects\Games\Moddable\Mc\Programmation\Mods\Cross-Port\BlueMapOfflinePlayerMarkersNeoForge\common\build\libs\bluemapofflineplayermarkers-common-1.4.1-transformProductionNeoForge.jar
[Architectury Transformer DEBUG] ============================
[Architectury Transformer DEBUG] 
[Architectury Transformer DEBUG] Transforming 5 transformer(s) from F:\Projects\Games\Moddable\Mc\Programmation\Mods\Cross-Port\BlueMapOfflinePlayerMarkersNeoForge\common\build\devlibs\bluemapofflineplayermarkers-common-1.4.1-dev.jar to F:\Projects\Games\Moddable\Mc\Programmation\Mods\Cross-Port\BlueMapOfflinePlayerMarkersNeoForge\common\build\libs\bluemapofflineplayermarkers-common-1.4.1-transformProductionNeoForge.jar: 
[Architectury Transformer DEBUG]  - dev.architectury.transformer.transformers.TransformExpectPlatform@2b0e5c94
[Architectury Transformer DEBUG]  - dev.architectury.transformer.transformers.RemapInjectables@78f92fbb
[Architectury Transformer DEBUG]  - dev.architectury.transformer.transformers.TransformPlatformOnly@aa35ed5
[Architectury Transformer DEBUG]  - dev.architectury.transformer.transformers.TransformNeoForgeAnnotations@1348e960
[Architectury Transformer DEBUG]  - dev.architectury.transformer.transformers.TransformNeoForgeEnvironment@4afbed61
[Architectury Transformer DEBUG] Transforming from F:\Projects\Games\Moddable\Mc\Programmation\Mods\Cross-Port\BlueMapOfflinePlayerMarkersNeoForge\common\build\devlibs\bluemapofflineplayermarkers-common-1.4.1-dev.jar to F:\Projects\Games\Moddable\Mc\Programmation\Mods\Cross-Port\BlueMapOfflinePlayerMarkersNeoForge\common\build\libs\bluemapofflineplayermarkers-common-1.4.1-transformProductionNeoForge.jar with 5 transformer(s) on dev.architectury.transformer.handler.SimpleTransformerHandler
[Architectury Transformer DEBUG] Remapping with 1 mapping provider(s):
[Architectury Transformer DEBUG]  - dev.architectury.transformer.transformers.TransformNeoForgeEnvironment$$Lambda/0x0000020c8227d1c8@433af22d
[Architectury Transformer DEBUG] Provided 77 classpath jar(s):
[Architectury Transformer DEBUG]  - C:\Users\flori\.gradle\caches\modules-2\files-2.1\org.jetbrains.kotlinx\kotlinx-serialization-json-jvm\1.7.3\6701e8c68d9e82387ce72ee96e8ddf058208d58f\kotlinx-serialization-json-jvm-1.7.3.jar
[Architectury Transformer DEBUG]  - C:\Users\flori\.gradle\caches\modules-2\files-2.1\org.jetbrains.kotlinx\kotlinx-serialization-core-jvm\1.7.3\1f226780b845ff9206474c05159245d861556249\kotlinx-serialization-core-jvm-1.7.3.jar
[Architectury Transformer DEBUG]  - C:\Users\flori\.gradle\caches\modules-2\files-2.1\org.jetbrains.kotlin\kotlin-stdlib\2.0.20\7388d355f7cceb002cd387ccb7ab3850e4e0a07f\kotlin-stdlib-2.0.20.jar
[Architectury Transformer DEBUG]  - C:\Users\flori\.gradle\caches\modules-2\files-2.1\dev.architectury\architectury-injectables\1.0.10\62db2a366d662606d1b23ad02ccc3212ed37ec3\architectury-injectables-1.0.10.jar
[Architectury Transformer DEBUG]  - C:\Users\flori\.gradle\caches\modules-2\files-2.1\net.fabricmc\fabric-loader\0.16.10\dbd932c2a3641d2c41cf9abfe47e140a5753fa86\fabric-loader-0.16.10.jar
[Architectury Transformer DEBUG]  - C:\Users\flori\.gradle\caches\modules-2\files-2.1\org.jetbrains\annotations\24.1.0\7af6a669488450c4a07c2c3254e2151df42d7d04\annotations-24.1.0.jar
[Architectury Transformer DEBUG]  - C:\Users\flori\.gradle\caches\modules-2\files-2.1\de.bluecolored\bluemap-api\2.7.3\c4a575033e2bda2f7e9bfc647a45ca5c11fe1feb\bluemap-api-2.7.3.jar
[Architectury Transformer DEBUG]  - C:\Users\flori\.gradle\caches\modules-2\files-2.1\org.ow2.asm\asm\9.7.1\f0ed132a49244b042cd0e15702ab9f2ce3cc8436\asm-9.7.1.jar
[Architectury Transformer DEBUG]  - C:\Users\flori\.gradle\caches\modules-2\files-2.1\org.ow2.asm\asm-analysis\9.7.1\f97a3b319f0ed6a8cd944dc79060d3912a28985f\asm-analysis-9.7.1.jar
[Architectury Transformer DEBUG]  - C:\Users\flori\.gradle\caches\modules-2\files-2.1\org.ow2.asm\asm-commons\9.7.1\406c6a2225cfe1819f102a161e54cc16a5c24f75\asm-commons-9.7.1.jar
[Architectury Transformer DEBUG]  - C:\Users\flori\.gradle\caches\modules-2\files-2.1\org.ow2.asm\asm-tree\9.7.1\3a53139787663b139de76b627fca0084ab60d32c\asm-tree-9.7.1.jar
[Architectury Transformer DEBUG]  - C:\Users\flori\.gradle\caches\modules-2\files-2.1\org.ow2.asm\asm-util\9.7.1\9e23359b598ec6b74b23e53110dd5c577adf2243\asm-util-9.7.1.jar
[Architectury Transformer DEBUG]  - C:\Users\flori\.gradle\caches\modules-2\files-2.1\net.fabricmc\sponge-mixin\0.15.4+mixin.0.8.7\6a12aacc794f1078458433116e9ed42c1cc98096\sponge-mixin-0.15.4+mixin.0.8.7.jar
[Architectury Transformer DEBUG]  - C:\Users\flori\.gradle\caches\modules-2\files-2.1\io.github.llamalad7\mixinextras-fabric\0.4.1\8d1a9e96afb990367fa1f904d17580d164da72e3\mixinextras-fabric-0.4.1.jar
[Architectury Transformer DEBUG]  - C:\Users\flori\.gradle\caches\modules-2\files-2.1\com.fasterxml.jackson.core\jackson-annotations\2.13.4\858c6cc78e1f08a885b1613e1d817c829df70a6e\jackson-annotations-2.13.4.jar
[Architectury Transformer DEBUG]  - C:\Users\flori\.gradle\caches\modules-2\files-2.1\com.fasterxml.jackson.core\jackson-core\2.13.4\cf934c681294b97ef6d80082faeefbe1edadf56\jackson-core-2.13.4.jar
[Architectury Transformer DEBUG]  - C:\Users\flori\.gradle\caches\modules-2\files-2.1\com.fasterxml.jackson.core\jackson-databind\2.13.4.2\325c06bdfeb628cfb80ebaaf1a26cc1eb558a585\jackson-databind-2.13.4.2.jar
[Architectury Transformer DEBUG]  - C:\Users\flori\.gradle\caches\modules-2\files-2.1\com.github.oshi\oshi-core\6.6.5\e1099981fd15dc4236c4499d82aba1276fb43a9a\oshi-core-6.6.5.jar
[Architectury Transformer DEBUG]  - C:\Users\flori\.gradle\caches\modules-2\files-2.1\com.github.stephenc.jcip\jcip-annotations\1.0-1\ef31541dd28ae2cefdd17c7ebf352d93e9058c63\jcip-annotations-1.0-1.jar
[Architectury Transformer DEBUG]  - C:\Users\flori\.gradle\caches\modules-2\files-2.1\com.google.code.gson\gson\2.11.0\527175ca6d81050b53bdd4c457a6d6e017626b0e\gson-2.11.0.jar
[Architectury Transformer DEBUG]  - C:\Users\flori\.gradle\caches\modules-2\files-2.1\com.google.guava\failureaccess\1.0.2\c4a06a64e650562f30b7bf9aaec1bfed43aca12b\failureaccess-1.0.2.jar
[Architectury Transformer DEBUG]  - C:\Users\flori\.gradle\caches\modules-2\files-2.1\com.google.guava\guava\33.3.1-jre\852f8b363da0111e819460021ca693cacca3e8db\guava-33.3.1-jre.jar
[Architectury Transformer DEBUG]  - C:\Users\flori\.gradle\caches\modules-2\files-2.1\com.ibm.icu\icu4j\76.1\215f3a8e936d4069344bd75f2b1368fd58112894\icu4j-76.1.jar
[Architectury Transformer DEBUG]  - C:\Users\flori\.gradle\caches\modules-2\files-2.1\com.microsoft.azure\msal4j\1.17.2\a6211e3d71d0388929babaa0ff0951b30d001852\msal4j-1.17.2.jar
[Architectury Transformer DEBUG]  - C:\Users\flori\.gradle\caches\modules-2\files-2.1\com.mojang\authlib\6.0.57\bded3161a7346de32213da750388ec6529fe4f6b\authlib-6.0.57.jar
[Architectury Transformer DEBUG]  - C:\Users\flori\.gradle\caches\modules-2\files-2.1\com.mojang\blocklist\1.0.10\5c685c5ffa94c4cd39496c7184c1d122e515ecef\blocklist-1.0.10.jar
[Architectury Transformer DEBUG]  - C:\Users\flori\.gradle\caches\modules-2\files-2.1\com.mojang\brigadier\1.3.10\d15b53a14cf20fdcaa98f731af5dda654452c010\brigadier-1.3.10.jar
[Architectury Transformer DEBUG]  - C:\Users\flori\.gradle\caches\modules-2\files-2.1\com.mojang\datafixerupper\8.0.16\67d4de6d7f95d89bcf5862995fb854ebaec02a34\datafixerupper-8.0.16.jar
[Architectury Transformer DEBUG]  - C:\Users\flori\.gradle\caches\modules-2\files-2.1\com.mojang\jtracy\1.0.29\6f07dcb6a2e595c7ee2ca43b67e5d1c018ca0770\jtracy-1.0.29.jar
[Architectury Transformer DEBUG]  - C:\Users\flori\.gradle\caches\modules-2\files-2.1\com.mojang\logging\1.5.10\9ab1202793717af9df9c1704d0a02892067001eb\logging-1.5.10.jar
[Architectury Transformer DEBUG]  - C:\Users\flori\.gradle\caches\modules-2\files-2.1\com.mojang\patchy\2.2.10\da05971b07cbb379d002cf7eaec6a2048211fefc\patchy-2.2.10.jar
[Architectury Transformer DEBUG]  - C:\Users\flori\.gradle\caches\modules-2\files-2.1\com.mojang\text2speech\1.17.9\3cad216e3a7f0c19b4b394388bc9ffc446f13b14\text2speech-1.17.9.jar
[Architectury Transformer DEBUG]  - C:\Users\flori\.gradle\caches\modules-2\files-2.1\com.nimbusds\content-type\2.3\e3aa0be212d7a42839a8f3f506f5b990bcce0222\content-type-2.3.jar
[Architectury Transformer DEBUG]  - C:\Users\flori\.gradle\caches\modules-2\files-2.1\com.nimbusds\lang-tag\1.7\97c73ecd70bc7e8eefb26c5eea84f251a63f1031\lang-tag-1.7.jar
[Architectury Transformer DEBUG]  - C:\Users\flori\.gradle\caches\modules-2\files-2.1\com.nimbusds\nimbus-jose-jwt\9.40\42b1dfa0360e4062951b070bac52dd8d96fd7b38\nimbus-jose-jwt-9.40.jar
[Architectury Transformer DEBUG]  - C:\Users\flori\.gradle\caches\modules-2\files-2.1\com.nimbusds\oauth2-oidc-sdk\11.18\7c7ec4f4066625ff07a711ad856fa04da1ff9de\oauth2-oidc-sdk-11.18.jar
[Architectury Transformer DEBUG]  - C:\Users\flori\.gradle\caches\modules-2\files-2.1\commons-codec\commons-codec\1.17.1\973638b7149d333563584137ebf13a691bb60579\commons-codec-1.17.1.jar
[Architectury Transformer DEBUG]  - C:\Users\flori\.gradle\caches\modules-2\files-2.1\commons-io\commons-io\2.17.0\ddcc8433eb019fb48fe25207c0278143f3e1d7e2\commons-io-2.17.0.jar
[Architectury Transformer DEBUG]  - C:\Users\flori\.gradle\caches\modules-2\files-2.1\commons-logging\commons-logging\1.3.4\b9fc14968d63a8b8a8a2c1885fe3e90564239708\commons-logging-1.3.4.jar
[Architectury Transformer DEBUG]  - C:\Users\flori\.gradle\caches\modules-2\files-2.1\io.netty\netty-buffer\4.1.115.Final\d5daf1030e5c36d198caf7562da2441a97ec0df6\netty-buffer-4.1.115.Final.jar
[Architectury Transformer DEBUG]  - C:\Users\flori\.gradle\caches\modules-2\files-2.1\io.netty\netty-codec\4.1.115.Final\d326bf3a4c785b272da3db6941779a1bd5448378\netty-codec-4.1.115.Final.jar
[Architectury Transformer DEBUG]  - C:\Users\flori\.gradle\caches\modules-2\files-2.1\io.netty\netty-common\4.1.115.Final\9da10a9f72e3f87e181d91b525174007a6fc4f11\netty-common-4.1.115.Final.jar
[Architectury Transformer DEBUG]  - C:\Users\flori\.gradle\caches\modules-2\files-2.1\io.netty\netty-handler\4.1.115.Final\d54dbf68b9d88a98240107758c6b63da5e46e23a\netty-handler-4.1.115.Final.jar
[Architectury Transformer DEBUG]  - C:\Users\flori\.gradle\caches\modules-2\files-2.1\io.netty\netty-resolver\4.1.115.Final\e33b4d476c03975957f5d8d0319d592bf2bc5e96\netty-resolver-4.1.115.Final.jar
[Architectury Transformer DEBUG]  - C:\Users\flori\.gradle\caches\modules-2\files-2.1\io.netty\netty-transport-classes-epoll\4.1.115.Final\11fea00408ecbd8b8d1f0698d708e37db4a01841\netty-transport-classes-epoll-4.1.115.Final.jar
[Architectury Transformer DEBUG]  - C:\Users\flori\.gradle\caches\modules-2\files-2.1\io.netty\netty-transport-native-unix-common\4.1.115.Final\dc96c67d06cd6b5eb677f2728f27bf2e3d9a7284\netty-transport-native-unix-common-4.1.115.Final.jar
[Architectury Transformer DEBUG]  - C:\Users\flori\.gradle\caches\modules-2\files-2.1\io.netty\netty-transport\4.1.115.Final\39cef77c1a25908ac1abf4960c2e789f0bf70ff9\netty-transport-4.1.115.Final.jar
[Architectury Transformer DEBUG]  - C:\Users\flori\.gradle\caches\modules-2\files-2.1\it.unimi.dsi\fastutil\8.5.15\1e885b40c9563ab0d3899b871fd0b30e958705dc\fastutil-8.5.15.jar
[Architectury Transformer DEBUG]  - C:\Users\flori\.gradle\caches\modules-2\files-2.1\net.java.dev.jna\jna-platform\5.15.0\86b502cad57d45da172b5e3231c537b042e296ef\jna-platform-5.15.0.jar
[Architectury Transformer DEBUG]  - C:\Users\flori\.gradle\caches\modules-2\files-2.1\net.java.dev.jna\jna\5.15.0\1ee1d80ff44f08280188f7c0e740d57207841ac\jna-5.15.0.jar
[Architectury Transformer DEBUG]  - C:\Users\flori\.gradle\caches\modules-2\files-2.1\net.minidev\accessors-smart\2.5.1\19b820261eb2e7de7d5bde11d1c06e4501dd7e5f\accessors-smart-2.5.1.jar
[Architectury Transformer DEBUG]  - C:\Users\flori\.gradle\caches\modules-2\files-2.1\net.minidev\json-smart\2.5.1\4c11d2808d009132dfbbf947ebf37de6bf266c8e\json-smart-2.5.1.jar
[Architectury Transformer DEBUG]  - C:\Users\flori\.gradle\caches\modules-2\files-2.1\net.sf.jopt-simple\jopt-simple\5.0.4\4fdac2fbe92dfad86aa6e9301736f6b4342a3f5c\jopt-simple-5.0.4.jar
[Architectury Transformer DEBUG]  - C:\Users\flori\.gradle\caches\modules-2\files-2.1\org.apache.commons\commons-compress\1.27.1\a19151084758e2fbb6b41eddaa88e7b8ff4e6599\commons-compress-1.27.1.jar
[Architectury Transformer DEBUG]  - C:\Users\flori\.gradle\caches\modules-2\files-2.1\org.apache.commons\commons-lang3\3.17.0\b17d2136f0460dcc0d2016ceefca8723bdf4ee70\commons-lang3-3.17.0.jar
[Architectury Transformer DEBUG]  - C:\Users\flori\.gradle\caches\modules-2\files-2.1\org.apache.httpcomponents\httpclient\4.5.14\1194890e6f56ec29177673f2f12d0b8e627dec98\httpclient-4.5.14.jar
[Architectury Transformer DEBUG]  - C:\Users\flori\.gradle\caches\modules-2\files-2.1\org.apache.httpcomponents\httpcore\4.4.16\51cf043c87253c9f58b539c9f7e44c8894223850\httpcore-4.4.16.jar
[Architectury Transformer DEBUG]  - C:\Users\flori\.gradle\caches\modules-2\files-2.1\org.apache.logging.log4j\log4j-api\2.24.1\7ebeb12c20606373005af4232cd0ecca72613dda\log4j-api-2.24.1.jar
[Architectury Transformer DEBUG]  - C:\Users\flori\.gradle\caches\modules-2\files-2.1\org.apache.logging.log4j\log4j-core\2.24.1\c85285146f28d8c8962384f786e2dff04172fb43\log4j-core-2.24.1.jar
[Architectury Transformer DEBUG]  - C:\Users\flori\.gradle\caches\modules-2\files-2.1\org.apache.logging.log4j\log4j-slf4j2-impl\2.24.1\8e3ddc96464ef7f768823e7e001a52b23de8cd0a\log4j-slf4j2-impl-2.24.1.jar
[Architectury Transformer DEBUG]  - C:\Users\flori\.gradle\caches\modules-2\files-2.1\org.jcraft\jorbis\0.0.17\8872d22b293e8f5d7d56ff92be966e6dc28ebdc6\jorbis-0.0.17.jar
[Architectury Transformer DEBUG]  - C:\Users\flori\.gradle\caches\modules-2\files-2.1\org.joml\joml\1.10.8\fc0a71dad90a2cf41d82a76156a0e700af8e4f8d\joml-1.10.8.jar
[Architectury Transformer DEBUG]  - C:\Users\flori\.gradle\caches\modules-2\files-2.1\org.lwjgl\lwjgl-freetype\3.3.3\a0db6c84a8becc8ca05f9dbfa985edc348a824c7\lwjgl-freetype-3.3.3.jar
[Architectury Transformer DEBUG]  - C:\Users\flori\.gradle\caches\modules-2\files-2.1\org.lwjgl\lwjgl-glfw\3.3.3\efa1eb78c5ccd840e9f329717109b5e892d72f8e\lwjgl-glfw-3.3.3.jar
[Architectury Transformer DEBUG]  - C:\Users\flori\.gradle\caches\modules-2\files-2.1\org.lwjgl\lwjgl-jemalloc\3.3.3\b543467b7ff3c6920539a88ee602d34098628be5\lwjgl-jemalloc-3.3.3.jar
[Architectury Transformer DEBUG]  - C:\Users\flori\.gradle\caches\modules-2\files-2.1\org.lwjgl\lwjgl-openal\3.3.3\daada81ceb5fc0c291fbfdd4433cb8d9423577f2\lwjgl-openal-3.3.3.jar
[Architectury Transformer DEBUG]  - C:\Users\flori\.gradle\caches\modules-2\files-2.1\org.lwjgl\lwjgl-opengl\3.3.3\2f6b0147078396a58979125a4c947664e98293a\lwjgl-opengl-3.3.3.jar
[Architectury Transformer DEBUG]  - C:\Users\flori\.gradle\caches\modules-2\files-2.1\org.lwjgl\lwjgl-stb\3.3.3\25dd6161988d7e65f71d5065c99902402ee32746\lwjgl-stb-3.3.3.jar
[Architectury Transformer DEBUG]  - C:\Users\flori\.gradle\caches\modules-2\files-2.1\org.lwjgl\lwjgl-tinyfd\3.3.3\82d755ca94b102e9ca77283b9e2dc46d1b15fbe5\lwjgl-tinyfd-3.3.3.jar
[Architectury Transformer DEBUG]  - C:\Users\flori\.gradle\caches\modules-2\files-2.1\org.lwjgl\lwjgl\3.3.3\29589b5f87ed335a6c7e7ee6a5775f81f97ecb84\lwjgl-3.3.3.jar
[Architectury Transformer DEBUG]  - C:\Users\flori\.gradle\caches\modules-2\files-2.1\org.lz4\lz4-java\1.8.0\4b986a99445e49ea5fbf5d149c4b63f6ed6c6780\lz4-java-1.8.0.jar
[Architectury Transformer DEBUG]  - C:\Users\flori\.gradle\caches\modules-2\files-2.1\org.slf4j\slf4j-api\2.0.16\172931663a09a1fa515567af5fbef00897d3c04\slf4j-api-2.0.16.jar
[Architectury Transformer DEBUG]  - C:\Users\flori\.gradle\caches\fabric-loom\minecraftMaven\net\minecraft\minecraft-merged\1.21.4-loom.mappings.1_21_4.layered+hash.40545-v2\minecraft-merged-1.21.4-loom.mappings.1_21_4.layered+hash.40545-v2.jar
[Architectury Transformer DEBUG]  - C:\Users\flori\.gradle\caches\modules-2\files-2.1\io.netty\netty-transport-native-epoll\4.1.115.Final\a6cc58c4a259bad159cbb06120cea9b3474e86a0\netty-transport-native-epoll-4.1.115.Final-linux-x86_64.jar
[Architectury Transformer DEBUG]  - C:\Users\flori\.gradle\caches\modules-2\files-2.1\io.netty\netty-transport-native-epoll\4.1.115.Final\a80b32f98ceb4e27958c0ceaf22ddad9ea6c0d4e\netty-transport-native-epoll-4.1.115.Final-linux-aarch_64.jar
[Architectury Transformer DEBUG]  - C:\Users\flori\.gradle\caches\modules-2\files-2.1\com.flowpowered\flow-math\1.0.3\d98020239e5015091ad3be927cef9dea0d61a234\flow-math-1.0.3.jar
[Architectury Transformer DEBUG]  - C:\Users\flori\.gradle\caches\modules-2\files-2.1\com.google.errorprone\error_prone_annotations\2.27.0\91b2c29d8a6148b5e2e4930f070d4840e2e48e34\error_prone_annotations-2.27.0.jar
[Architectury Transformer] Read classpath in 1.666 s
[Architectury Transformer DEBUG] Remapping Classes:
[Architectury Transformer DEBUG] net/fabricmc/api/EnvType -> net/neoforged/api/distmarker/Dist
[Architectury Transformer DEBUG] net/fabricmc/api/Environment -> net/neoforged/api/distmarker/OnlyIn
[Architectury Transformer DEBUG] Found class transformer
[Architectury Transformer DEBUG] Writing fr/florian4600/serverutils/Translatable with maxs=true frames=true
[Architectury Transformer DEBUG] Writing fr/florian4600/compatutils/CompatibilityUtilities with maxs=true frames=true
[Architectury Transformer DEBUG] Writing com/technicjelle/BMUtils with maxs=true frames=true
[Architectury Transformer DEBUG] Writing com/technicjelle/bluemapofflineplayermarkers/ConfigManager$Config$$serializer with maxs=true frames=true
[Architectury Transformer DEBUG] Writing com/technicjelle/bluemapofflineplayermarkers/Bukkit2ForgeKt with maxs=true frames=true
[Architectury Transformer DEBUG] Writing com/technicjelle/bluemapofflineplayermarkers/BlueMapOfflinePlayerMarkers with maxs=true frames=true
[Architectury Transformer DEBUG] Writing com/technicjelle/bluemapofflineplayermarkers/ConfigManager$BannedPlayer with maxs=true frames=true
[Architectury Transformer DEBUG] Writing com/technicjelle/bluemapofflineplayermarkers/ConfigManager$Config with maxs=true frames=true
[Architectury Transformer DEBUG] Writing com/technicjelle/bluemapofflineplayermarkers/ConfigManager$BannedPlayer$$serializer with maxs=true frames=true
[Architectury Transformer DEBUG] Writing com/technicjelle/bluemapofflineplayermarkers/MarkerHandler with maxs=true frames=true
[Architectury Transformer DEBUG] Writing com/technicjelle/bluemapofflineplayermarkers/ConfigManager with maxs=true frames=true
[Architectury Transformer DEBUG] Writing com/technicjelle/bluemapofflineplayermarkers/ConfigManager$Config$GameMode$Companion with maxs=true frames=true
[Architectury Transformer DEBUG] Writing com/technicjelle/bluemapofflineplayermarkers/ConfigManager$Config$GameMode with maxs=true frames=true
[Architectury Transformer DEBUG] Writing com/technicjelle/bluemapofflineplayermarkers/ConfigManager$Config$Companion with maxs=true frames=true
[Architectury Transformer DEBUG] Writing com/technicjelle/bluemapofflineplayermarkers/ConfigManager$BannedPlayer$Companion with maxs=true frames=true
[Architectury Transformer DEBUG] Writing com/technicjelle/bluemapofflineplayermarkers/struct/OfflinePlayer with maxs=true frames=true
[Architectury Transformer DEBUG] Writing com/technicjelle/bluemapofflineplayermarkers/events/OPMEventHandler$Companion with maxs=true frames=true
[Architectury Transformer DEBUG] Writing com/technicjelle/bluemapofflineplayermarkers/events/OPMEventHandler with maxs=true frames=true
[Architectury Transformer DEBUG] Writing com/technicjelle/bluemapofflineplayermarkers/commands/DeleteMarkerCommand$Companion with maxs=true frames=true
[Architectury Transformer DEBUG] Writing com/technicjelle/bluemapofflineplayermarkers/commands/FakeMarkerCommand$Companion with maxs=true frames=true
[Architectury Transformer DEBUG] Writing com/technicjelle/bluemapofflineplayermarkers/commands/DeleteMarkerCommand with maxs=true frames=true
[Architectury Transformer DEBUG] Writing com/technicjelle/bluemapofflineplayermarkers/commands/FakeMarkerCommand with maxs=true frames=true
[Architectury Transformer DEBUG] Closed File Systems for F:\Projects\Games\Moddable\Mc\Programmation\Mods\Cross-Port\BlueMapOfflinePlayerMarkersNeoForge\common\build\libs\bluemapofflineplayermarkers-common-1.4.1-transformProductionNeoForge.jar
[Architectury Transformer] Transformed jar with 5 transformer(s) in 2.665 s
[Architectury Transformer DEBUG] Closed File Systems for F:\Projects\Games\Moddable\Mc\Programmation\Mods\Cross-Port\BlueMapOfflinePlayerMarkersNeoForge\common\build\libs\bluemapofflineplayermarkers-common-1.4.1.jar
[Architectury Transformer DEBUG] 
[Architectury Transformer DEBUG] ============================
[Architectury Transformer DEBUG] Transforming from F:\Projects\Games\Moddable\Mc\Programmation\Mods\Cross-Port\BlueMapOfflinePlayerMarkersNeoForge\common\build\devlibs\bluemapofflineplayermarkers-common-1.4.1-dev.jar to F:\Projects\Games\Moddable\Mc\Programmation\Mods\Cross-Port\BlueMapOfflinePlayerMarkersNeoForge\common\build\libs\bluemapofflineplayermarkers-common-1.4.1-transformProductionNeoForge.jar
[Architectury Transformer DEBUG] ============================
[Architectury Transformer DEBUG] 
[Architectury Transformer DEBUG] Transforming 5 transformer(s) from F:\Projects\Games\Moddable\Mc\Programmation\Mods\Cross-Port\BlueMapOfflinePlayerMarkersNeoForge\common\build\devlibs\bluemapofflineplayermarkers-common-1.4.1-dev.jar to F:\Projects\Games\Moddable\Mc\Programmation\Mods\Cross-Port\BlueMapOfflinePlayerMarkersNeoForge\common\build\libs\bluemapofflineplayermarkers-common-1.4.1-transformProductionNeoForge.jar: 
[Architectury Transformer DEBUG]  - dev.architectury.transformer.transformers.TransformExpectPlatform@1b7d0ffe
[Architectury Transformer DEBUG]  - dev.architectury.transformer.transformers.RemapInjectables@42069098
[Architectury Transformer DEBUG]  - dev.architectury.transformer.transformers.TransformPlatformOnly@1041e5f2
[Architectury Transformer DEBUG]  - dev.architectury.transformer.transformers.TransformNeoForgeAnnotations@41dae39c
[Architectury Transformer DEBUG]  - dev.architectury.transformer.transformers.TransformNeoForgeEnvironment@32ab16a6
[Architectury Transformer DEBUG] Transforming from F:\Projects\Games\Moddable\Mc\Programmation\Mods\Cross-Port\BlueMapOfflinePlayerMarkersNeoForge\common\build\devlibs\bluemapofflineplayermarkers-common-1.4.1-dev.jar to F:\Projects\Games\Moddable\Mc\Programmation\Mods\Cross-Port\BlueMapOfflinePlayerMarkersNeoForge\common\build\libs\bluemapofflineplayermarkers-common-1.4.1-transformProductionNeoForge.jar with 5 transformer(s) on dev.architectury.transformer.handler.SimpleTransformerHandler
[Architectury Transformer DEBUG] Remapping with 1 mapping provider(s):
[Architectury Transformer DEBUG]  - dev.architectury.transformer.transformers.TransformNeoForgeEnvironment$$Lambda/0x0000020c8227d1c8@433af22d
[Architectury Transformer DEBUG] Provided 77 classpath jar(s):
[Architectury Transformer DEBUG]  - C:\Users\flori\.gradle\caches\modules-2\files-2.1\org.jetbrains.kotlinx\kotlinx-serialization-json-jvm\1.7.3\6701e8c68d9e82387ce72ee96e8ddf058208d58f\kotlinx-serialization-json-jvm-1.7.3.jar
[Architectury Transformer DEBUG]  - C:\Users\flori\.gradle\caches\modules-2\files-2.1\org.jetbrains.kotlinx\kotlinx-serialization-core-jvm\1.7.3\1f226780b845ff9206474c05159245d861556249\kotlinx-serialization-core-jvm-1.7.3.jar
[Architectury Transformer DEBUG]  - C:\Users\flori\.gradle\caches\modules-2\files-2.1\org.jetbrains.kotlin\kotlin-stdlib\2.0.20\7388d355f7cceb002cd387ccb7ab3850e4e0a07f\kotlin-stdlib-2.0.20.jar
[Architectury Transformer DEBUG]  - C:\Users\flori\.gradle\caches\modules-2\files-2.1\dev.architectury\architectury-injectables\1.0.10\62db2a366d662606d1b23ad02ccc3212ed37ec3\architectury-injectables-1.0.10.jar
[Architectury Transformer DEBUG]  - C:\Users\flori\.gradle\caches\modules-2\files-2.1\net.fabricmc\fabric-loader\0.16.10\dbd932c2a3641d2c41cf9abfe47e140a5753fa86\fabric-loader-0.16.10.jar
[Architectury Transformer DEBUG]  - C:\Users\flori\.gradle\caches\modules-2\files-2.1\org.jetbrains\annotations\24.1.0\7af6a669488450c4a07c2c3254e2151df42d7d04\annotations-24.1.0.jar
[Architectury Transformer DEBUG]  - C:\Users\flori\.gradle\caches\modules-2\files-2.1\de.bluecolored\bluemap-api\2.7.3\c4a575033e2bda2f7e9bfc647a45ca5c11fe1feb\bluemap-api-2.7.3.jar
[Architectury Transformer DEBUG]  - C:\Users\flori\.gradle\caches\modules-2\files-2.1\org.ow2.asm\asm\9.7.1\f0ed132a49244b042cd0e15702ab9f2ce3cc8436\asm-9.7.1.jar
[Architectury Transformer DEBUG]  - C:\Users\flori\.gradle\caches\modules-2\files-2.1\org.ow2.asm\asm-analysis\9.7.1\f97a3b319f0ed6a8cd944dc79060d3912a28985f\asm-analysis-9.7.1.jar
[Architectury Transformer DEBUG]  - C:\Users\flori\.gradle\caches\modules-2\files-2.1\org.ow2.asm\asm-commons\9.7.1\406c6a2225cfe1819f102a161e54cc16a5c24f75\asm-commons-9.7.1.jar
[Architectury Transformer DEBUG]  - C:\Users\flori\.gradle\caches\modules-2\files-2.1\org.ow2.asm\asm-tree\9.7.1\3a53139787663b139de76b627fca0084ab60d32c\asm-tree-9.7.1.jar
[Architectury Transformer DEBUG]  - C:\Users\flori\.gradle\caches\modules-2\files-2.1\org.ow2.asm\asm-util\9.7.1\9e23359b598ec6b74b23e53110dd5c577adf2243\asm-util-9.7.1.jar
[Architectury Transformer DEBUG]  - C:\Users\flori\.gradle\caches\modules-2\files-2.1\net.fabricmc\sponge-mixin\0.15.4+mixin.0.8.7\6a12aacc794f1078458433116e9ed42c1cc98096\sponge-mixin-0.15.4+mixin.0.8.7.jar
[Architectury Transformer DEBUG]  - C:\Users\flori\.gradle\caches\modules-2\files-2.1\io.github.llamalad7\mixinextras-fabric\0.4.1\8d1a9e96afb990367fa1f904d17580d164da72e3\mixinextras-fabric-0.4.1.jar
[Architectury Transformer DEBUG]  - C:\Users\flori\.gradle\caches\modules-2\files-2.1\com.fasterxml.jackson.core\jackson-annotations\2.13.4\858c6cc78e1f08a885b1613e1d817c829df70a6e\jackson-annotations-2.13.4.jar
[Architectury Transformer DEBUG]  - C:\Users\flori\.gradle\caches\modules-2\files-2.1\com.fasterxml.jackson.core\jackson-core\2.13.4\cf934c681294b97ef6d80082faeefbe1edadf56\jackson-core-2.13.4.jar
[Architectury Transformer DEBUG]  - C:\Users\flori\.gradle\caches\modules-2\files-2.1\com.fasterxml.jackson.core\jackson-databind\2.13.4.2\325c06bdfeb628cfb80ebaaf1a26cc1eb558a585\jackson-databind-2.13.4.2.jar
[Architectury Transformer DEBUG]  - C:\Users\flori\.gradle\caches\modules-2\files-2.1\com.github.oshi\oshi-core\6.6.5\e1099981fd15dc4236c4499d82aba1276fb43a9a\oshi-core-6.6.5.jar
[Architectury Transformer DEBUG]  - C:\Users\flori\.gradle\caches\modules-2\files-2.1\com.github.stephenc.jcip\jcip-annotations\1.0-1\ef31541dd28ae2cefdd17c7ebf352d93e9058c63\jcip-annotations-1.0-1.jar
[Architectury Transformer DEBUG]  - C:\Users\flori\.gradle\caches\modules-2\files-2.1\com.google.code.gson\gson\2.11.0\527175ca6d81050b53bdd4c457a6d6e017626b0e\gson-2.11.0.jar
[Architectury Transformer DEBUG]  - C:\Users\flori\.gradle\caches\modules-2\files-2.1\com.google.guava\failureaccess\1.0.2\c4a06a64e650562f30b7bf9aaec1bfed43aca12b\failureaccess-1.0.2.jar
[Architectury Transformer DEBUG]  - C:\Users\flori\.gradle\caches\modules-2\files-2.1\com.google.guava\guava\33.3.1-jre\852f8b363da0111e819460021ca693cacca3e8db\guava-33.3.1-jre.jar
[Architectury Transformer DEBUG]  - C:\Users\flori\.gradle\caches\modules-2\files-2.1\com.ibm.icu\icu4j\76.1\215f3a8e936d4069344bd75f2b1368fd58112894\icu4j-76.1.jar
[Architectury Transformer DEBUG]  - C:\Users\flori\.gradle\caches\modules-2\files-2.1\com.microsoft.azure\msal4j\1.17.2\a6211e3d71d0388929babaa0ff0951b30d001852\msal4j-1.17.2.jar
[Architectury Transformer DEBUG]  - C:\Users\flori\.gradle\caches\modules-2\files-2.1\com.mojang\authlib\6.0.57\bded3161a7346de32213da750388ec6529fe4f6b\authlib-6.0.57.jar
[Architectury Transformer DEBUG]  - C:\Users\flori\.gradle\caches\modules-2\files-2.1\com.mojang\blocklist\1.0.10\5c685c5ffa94c4cd39496c7184c1d122e515ecef\blocklist-1.0.10.jar
[Architectury Transformer DEBUG]  - C:\Users\flori\.gradle\caches\modules-2\files-2.1\com.mojang\brigadier\1.3.10\d15b53a14cf20fdcaa98f731af5dda654452c010\brigadier-1.3.10.jar
[Architectury Transformer DEBUG]  - C:\Users\flori\.gradle\caches\modules-2\files-2.1\com.mojang\datafixerupper\8.0.16\67d4de6d7f95d89bcf5862995fb854ebaec02a34\datafixerupper-8.0.16.jar
[Architectury Transformer DEBUG]  - C:\Users\flori\.gradle\caches\modules-2\files-2.1\com.mojang\jtracy\1.0.29\6f07dcb6a2e595c7ee2ca43b67e5d1c018ca0770\jtracy-1.0.29.jar
[Architectury Transformer DEBUG]  - C:\Users\flori\.gradle\caches\modules-2\files-2.1\com.mojang\logging\1.5.10\9ab1202793717af9df9c1704d0a02892067001eb\logging-1.5.10.jar
[Architectury Transformer DEBUG]  - C:\Users\flori\.gradle\caches\modules-2\files-2.1\com.mojang\patchy\2.2.10\da05971b07cbb379d002cf7eaec6a2048211fefc\patchy-2.2.10.jar
[Architectury Transformer DEBUG]  - C:\Users\flori\.gradle\caches\modules-2\files-2.1\com.mojang\text2speech\1.17.9\3cad216e3a7f0c19b4b394388bc9ffc446f13b14\text2speech-1.17.9.jar
[Architectury Transformer DEBUG]  - C:\Users\flori\.gradle\caches\modules-2\files-2.1\com.nimbusds\content-type\2.3\e3aa0be212d7a42839a8f3f506f5b990bcce0222\content-type-2.3.jar
[Architectury Transformer DEBUG]  - C:\Users\flori\.gradle\caches\modules-2\files-2.1\com.nimbusds\lang-tag\1.7\97c73ecd70bc7e8eefb26c5eea84f251a63f1031\lang-tag-1.7.jar
[Architectury Transformer DEBUG]  - C:\Users\flori\.gradle\caches\modules-2\files-2.1\com.nimbusds\nimbus-jose-jwt\9.40\42b1dfa0360e4062951b070bac52dd8d96fd7b38\nimbus-jose-jwt-9.40.jar
[Architectury Transformer DEBUG]  - C:\Users\flori\.gradle\caches\modules-2\files-2.1\com.nimbusds\oauth2-oidc-sdk\11.18\7c7ec4f4066625ff07a711ad856fa04da1ff9de\oauth2-oidc-sdk-11.18.jar
[Architectury Transformer DEBUG]  - C:\Users\flori\.gradle\caches\modules-2\files-2.1\commons-codec\commons-codec\1.17.1\973638b7149d333563584137ebf13a691bb60579\commons-codec-1.17.1.jar
[Architectury Transformer DEBUG]  - C:\Users\flori\.gradle\caches\modules-2\files-2.1\commons-io\commons-io\2.17.0\ddcc8433eb019fb48fe25207c0278143f3e1d7e2\commons-io-2.17.0.jar
[Architectury Transformer DEBUG]  - C:\Users\flori\.gradle\caches\modules-2\files-2.1\commons-logging\commons-logging\1.3.4\b9fc14968d63a8b8a8a2c1885fe3e90564239708\commons-logging-1.3.4.jar
[Architectury Transformer DEBUG]  - C:\Users\flori\.gradle\caches\modules-2\files-2.1\io.netty\netty-buffer\4.1.115.Final\d5daf1030e5c36d198caf7562da2441a97ec0df6\netty-buffer-4.1.115.Final.jar
[Architectury Transformer DEBUG]  - C:\Users\flori\.gradle\caches\modules-2\files-2.1\io.netty\netty-codec\4.1.115.Final\d326bf3a4c785b272da3db6941779a1bd5448378\netty-codec-4.1.115.Final.jar
[Architectury Transformer DEBUG]  - C:\Users\flori\.gradle\caches\modules-2\files-2.1\io.netty\netty-common\4.1.115.Final\9da10a9f72e3f87e181d91b525174007a6fc4f11\netty-common-4.1.115.Final.jar
[Architectury Transformer DEBUG]  - C:\Users\flori\.gradle\caches\modules-2\files-2.1\io.netty\netty-handler\4.1.115.Final\d54dbf68b9d88a98240107758c6b63da5e46e23a\netty-handler-4.1.115.Final.jar
[Architectury Transformer DEBUG]  - C:\Users\flori\.gradle\caches\modules-2\files-2.1\io.netty\netty-resolver\4.1.115.Final\e33b4d476c03975957f5d8d0319d592bf2bc5e96\netty-resolver-4.1.115.Final.jar
[Architectury Transformer DEBUG]  - C:\Users\flori\.gradle\caches\modules-2\files-2.1\io.netty\netty-transport-classes-epoll\4.1.115.Final\11fea00408ecbd8b8d1f0698d708e37db4a01841\netty-transport-classes-epoll-4.1.115.Final.jar
[Architectury Transformer DEBUG]  - C:\Users\flori\.gradle\caches\modules-2\files-2.1\io.netty\netty-transport-native-unix-common\4.1.115.Final\dc96c67d06cd6b5eb677f2728f27bf2e3d9a7284\netty-transport-native-unix-common-4.1.115.Final.jar
[Architectury Transformer DEBUG]  - C:\Users\flori\.gradle\caches\modules-2\files-2.1\io.netty\netty-transport\4.1.115.Final\39cef77c1a25908ac1abf4960c2e789f0bf70ff9\netty-transport-4.1.115.Final.jar
[Architectury Transformer DEBUG]  - C:\Users\flori\.gradle\caches\modules-2\files-2.1\it.unimi.dsi\fastutil\8.5.15\1e885b40c9563ab0d3899b871fd0b30e958705dc\fastutil-8.5.15.jar
[Architectury Transformer DEBUG]  - C:\Users\flori\.gradle\caches\modules-2\files-2.1\net.java.dev.jna\jna-platform\5.15.0\86b502cad57d45da172b5e3231c537b042e296ef\jna-platform-5.15.0.jar
[Architectury Transformer DEBUG]  - C:\Users\flori\.gradle\caches\modules-2\files-2.1\net.java.dev.jna\jna\5.15.0\1ee1d80ff44f08280188f7c0e740d57207841ac\jna-5.15.0.jar
[Architectury Transformer DEBUG]  - C:\Users\flori\.gradle\caches\modules-2\files-2.1\net.minidev\accessors-smart\2.5.1\19b820261eb2e7de7d5bde11d1c06e4501dd7e5f\accessors-smart-2.5.1.jar
[Architectury Transformer DEBUG]  - C:\Users\flori\.gradle\caches\modules-2\files-2.1\net.minidev\json-smart\2.5.1\4c11d2808d009132dfbbf947ebf37de6bf266c8e\json-smart-2.5.1.jar
[Architectury Transformer DEBUG]  - C:\Users\flori\.gradle\caches\modules-2\files-2.1\net.sf.jopt-simple\jopt-simple\5.0.4\4fdac2fbe92dfad86aa6e9301736f6b4342a3f5c\jopt-simple-5.0.4.jar
[Architectury Transformer DEBUG]  - C:\Users\flori\.gradle\caches\modules-2\files-2.1\org.apache.commons\commons-compress\1.27.1\a19151084758e2fbb6b41eddaa88e7b8ff4e6599\commons-compress-1.27.1.jar
[Architectury Transformer DEBUG]  - C:\Users\flori\.gradle\caches\modules-2\files-2.1\org.apache.commons\commons-lang3\3.17.0\b17d2136f0460dcc0d2016ceefca8723bdf4ee70\commons-lang3-3.17.0.jar
[Architectury Transformer DEBUG]  - C:\Users\flori\.gradle\caches\modules-2\files-2.1\org.apache.httpcomponents\httpclient\4.5.14\1194890e6f56ec29177673f2f12d0b8e627dec98\httpclient-4.5.14.jar
[Architectury Transformer DEBUG]  - C:\Users\flori\.gradle\caches\modules-2\files-2.1\org.apache.httpcomponents\httpcore\4.4.16\51cf043c87253c9f58b539c9f7e44c8894223850\httpcore-4.4.16.jar
[Architectury Transformer DEBUG]  - C:\Users\flori\.gradle\caches\modules-2\files-2.1\org.apache.logging.log4j\log4j-api\2.24.1\7ebeb12c20606373005af4232cd0ecca72613dda\log4j-api-2.24.1.jar
[Architectury Transformer DEBUG]  - C:\Users\flori\.gradle\caches\modules-2\files-2.1\org.apache.logging.log4j\log4j-core\2.24.1\c85285146f28d8c8962384f786e2dff04172fb43\log4j-core-2.24.1.jar
[Architectury Transformer DEBUG]  - C:\Users\flori\.gradle\caches\modules-2\files-2.1\org.apache.logging.log4j\log4j-slf4j2-impl\2.24.1\8e3ddc96464ef7f768823e7e001a52b23de8cd0a\log4j-slf4j2-impl-2.24.1.jar
[Architectury Transformer DEBUG]  - C:\Users\flori\.gradle\caches\modules-2\files-2.1\org.jcraft\jorbis\0.0.17\8872d22b293e8f5d7d56ff92be966e6dc28ebdc6\jorbis-0.0.17.jar
[Architectury Transformer DEBUG]  - C:\Users\flori\.gradle\caches\modules-2\files-2.1\org.joml\joml\1.10.8\fc0a71dad90a2cf41d82a76156a0e700af8e4f8d\joml-1.10.8.jar
[Architectury Transformer DEBUG]  - C:\Users\flori\.gradle\caches\modules-2\files-2.1\org.lwjgl\lwjgl-freetype\3.3.3\a0db6c84a8becc8ca05f9dbfa985edc348a824c7\lwjgl-freetype-3.3.3.jar
[Architectury Transformer DEBUG]  - C:\Users\flori\.gradle\caches\modules-2\files-2.1\org.lwjgl\lwjgl-glfw\3.3.3\efa1eb78c5ccd840e9f329717109b5e892d72f8e\lwjgl-glfw-3.3.3.jar
[Architectury Transformer DEBUG]  - C:\Users\flori\.gradle\caches\modules-2\files-2.1\org.lwjgl\lwjgl-jemalloc\3.3.3\b543467b7ff3c6920539a88ee602d34098628be5\lwjgl-jemalloc-3.3.3.jar
[Architectury Transformer DEBUG]  - C:\Users\flori\.gradle\caches\modules-2\files-2.1\org.lwjgl\lwjgl-openal\3.3.3\daada81ceb5fc0c291fbfdd4433cb8d9423577f2\lwjgl-openal-3.3.3.jar
[Architectury Transformer DEBUG]  - C:\Users\flori\.gradle\caches\modules-2\files-2.1\org.lwjgl\lwjgl-opengl\3.3.3\2f6b0147078396a58979125a4c947664e98293a\lwjgl-opengl-3.3.3.jar
[Architectury Transformer DEBUG]  - C:\Users\flori\.gradle\caches\modules-2\files-2.1\org.lwjgl\lwjgl-stb\3.3.3\25dd6161988d7e65f71d5065c99902402ee32746\lwjgl-stb-3.3.3.jar
[Architectury Transformer DEBUG]  - C:\Users\flori\.gradle\caches\modules-2\files-2.1\org.lwjgl\lwjgl-tinyfd\3.3.3\82d755ca94b102e9ca77283b9e2dc46d1b15fbe5\lwjgl-tinyfd-3.3.3.jar
[Architectury Transformer DEBUG]  - C:\Users\flori\.gradle\caches\modules-2\files-2.1\org.lwjgl\lwjgl\3.3.3\29589b5f87ed335a6c7e7ee6a5775f81f97ecb84\lwjgl-3.3.3.jar
[Architectury Transformer DEBUG]  - C:\Users\flori\.gradle\caches\modules-2\files-2.1\org.lz4\lz4-java\1.8.0\4b986a99445e49ea5fbf5d149c4b63f6ed6c6780\lz4-java-1.8.0.jar
[Architectury Transformer DEBUG]  - C:\Users\flori\.gradle\caches\modules-2\files-2.1\org.slf4j\slf4j-api\2.0.16\172931663a09a1fa515567af5fbef00897d3c04\slf4j-api-2.0.16.jar
[Architectury Transformer DEBUG]  - C:\Users\flori\.gradle\caches\fabric-loom\minecraftMaven\net\minecraft\minecraft-merged\1.21.4-loom.mappings.1_21_4.layered+hash.40545-v2\minecraft-merged-1.21.4-loom.mappings.1_21_4.layered+hash.40545-v2.jar
[Architectury Transformer DEBUG]  - C:\Users\flori\.gradle\caches\modules-2\files-2.1\io.netty\netty-transport-native-epoll\4.1.115.Final\a6cc58c4a259bad159cbb06120cea9b3474e86a0\netty-transport-native-epoll-4.1.115.Final-linux-x86_64.jar
[Architectury Transformer DEBUG]  - C:\Users\flori\.gradle\caches\modules-2\files-2.1\io.netty\netty-transport-native-epoll\4.1.115.Final\a80b32f98ceb4e27958c0ceaf22ddad9ea6c0d4e\netty-transport-native-epoll-4.1.115.Final-linux-aarch_64.jar
[Architectury Transformer DEBUG]  - C:\Users\flori\.gradle\caches\modules-2\files-2.1\com.flowpowered\flow-math\1.0.3\d98020239e5015091ad3be927cef9dea0d61a234\flow-math-1.0.3.jar
[Architectury Transformer DEBUG]  - C:\Users\flori\.gradle\caches\modules-2\files-2.1\com.google.errorprone\error_prone_annotations\2.27.0\91b2c29d8a6148b5e2e4930f070d4840e2e48e34\error_prone_annotations-2.27.0.jar
[Architectury Transformer] Read classpath in 1.518 s
[Architectury Transformer DEBUG] Remapping Classes:
[Architectury Transformer DEBUG] net/fabricmc/api/EnvType -> net/neoforged/api/distmarker/Dist
[Architectury Transformer DEBUG] net/fabricmc/api/Environment -> net/neoforged/api/distmarker/OnlyIn
[Architectury Transformer DEBUG] Found class transformer
[Architectury Transformer DEBUG] Writing fr/florian4600/serverutils/Translatable with maxs=true frames=true
[Architectury Transformer DEBUG] Writing fr/florian4600/compatutils/CompatibilityUtilities with maxs=true frames=true
[Architectury Transformer DEBUG] Writing com/technicjelle/BMUtils with maxs=true frames=true
[Architectury Transformer DEBUG] Writing com/technicjelle/bluemapofflineplayermarkers/Bukkit2ForgeKt with maxs=true frames=true
[Architectury Transformer DEBUG] Writing com/technicjelle/bluemapofflineplayermarkers/MarkerHandler with maxs=true frames=true
[Architectury Transformer DEBUG] Writing com/technicjelle/bluemapofflineplayermarkers/ConfigManager$Config$$serializer with maxs=true frames=true
[Architectury Transformer DEBUG] Writing com/technicjelle/bluemapofflineplayermarkers/ConfigManager$BannedPlayer with maxs=true frames=true
[Architectury Transformer DEBUG] Writing com/technicjelle/bluemapofflineplayermarkers/ConfigManager$BannedPlayer$$serializer with maxs=true frames=true
[Architectury Transformer DEBUG] Writing com/technicjelle/bluemapofflineplayermarkers/BlueMapOfflinePlayerMarkers with maxs=true frames=true
[Architectury Transformer DEBUG] Writing com/technicjelle/bluemapofflineplayermarkers/ConfigManager$Config with maxs=true frames=true
[Architectury Transformer DEBUG] Writing com/technicjelle/bluemapofflineplayermarkers/ConfigManager with maxs=true frames=true
[Architectury Transformer DEBUG] Writing com/technicjelle/bluemapofflineplayermarkers/ConfigManager$Config$GameMode$Companion with maxs=true frames=true
[Architectury Transformer DEBUG] Writing com/technicjelle/bluemapofflineplayermarkers/ConfigManager$Config$GameMode with maxs=true frames=true
[Architectury Transformer DEBUG] Writing com/technicjelle/bluemapofflineplayermarkers/ConfigManager$Config$Companion with maxs=true frames=true
[Architectury Transformer DEBUG] Writing com/technicjelle/bluemapofflineplayermarkers/ConfigManager$BannedPlayer$Companion with maxs=true frames=true
[Architectury Transformer DEBUG] Writing com/technicjelle/bluemapofflineplayermarkers/struct/OfflinePlayer with maxs=true frames=true
[Architectury Transformer DEBUG] Writing com/technicjelle/bluemapofflineplayermarkers/events/OPMEventHandler$Companion with maxs=true frames=true
[Architectury Transformer DEBUG] Writing com/technicjelle/bluemapofflineplayermarkers/events/OPMEventHandler with maxs=true frames=true
[Architectury Transformer DEBUG] Writing com/technicjelle/bluemapofflineplayermarkers/commands/FakeMarkerCommand$Companion with maxs=true frames=true
[Architectury Transformer DEBUG] Writing com/technicjelle/bluemapofflineplayermarkers/commands/DeleteMarkerCommand$Companion with maxs=true frames=true
[Architectury Transformer DEBUG] Writing com/technicjelle/bluemapofflineplayermarkers/commands/DeleteMarkerCommand with maxs=true frames=true
[Architectury Transformer DEBUG] Writing com/technicjelle/bluemapofflineplayermarkers/commands/FakeMarkerCommand with maxs=true frames=true
[Architectury Transformer DEBUG] Closed File Systems for F:\Projects\Games\Moddable\Mc\Programmation\Mods\Cross-Port\BlueMapOfflinePlayerMarkersNeoForge\common\build\libs\bluemapofflineplayermarkers-common-1.4.1-transformProductionNeoForge.jar
[Architectury Transformer] Transformed jar with 5 transformer(s) in 2.161 s
[Architectury Transformer DEBUG] Closed File Systems for F:\Projects\Games\Moddable\Mc\Programmation\Mods\Cross-Port\BlueMapOfflinePlayerMarkersNeoForge\common\build\libs\bluemapofflineplayermarkers-common-1.4.1.jar
[Architectury Transformer DEBUG] 
[Architectury Transformer DEBUG] ============================
[Architectury Transformer DEBUG] Transforming from F:\Projects\Games\Moddable\Mc\Programmation\Mods\Cross-Port\BlueMapOfflinePlayerMarkersNeoForge\common\build\devlibs\bluemapofflineplayermarkers-common-1.4.1-dev.jar to F:\Projects\Games\Moddable\Mc\Programmation\Mods\Cross-Port\BlueMapOfflinePlayerMarkersNeoForge\common\build\libs\bluemapofflineplayermarkers-common-1.4.1-transformProductionNeoForge.jar
[Architectury Transformer DEBUG] ============================
[Architectury Transformer DEBUG] 
[Architectury Transformer DEBUG] Transforming 5 transformer(s) from F:\Projects\Games\Moddable\Mc\Programmation\Mods\Cross-Port\BlueMapOfflinePlayerMarkersNeoForge\common\build\devlibs\bluemapofflineplayermarkers-common-1.4.1-dev.jar to F:\Projects\Games\Moddable\Mc\Programmation\Mods\Cross-Port\BlueMapOfflinePlayerMarkersNeoForge\common\build\libs\bluemapofflineplayermarkers-common-1.4.1-transformProductionNeoForge.jar: 
[Architectury Transformer DEBUG]  - dev.architectury.transformer.transformers.TransformExpectPlatform@31332efc
[Architectury Transformer DEBUG]  - dev.architectury.transformer.transformers.RemapInjectables@62f103fd
[Architectury Transformer DEBUG]  - dev.architectury.transformer.transformers.TransformPlatformOnly@6231227c
[Architectury Transformer DEBUG]  - dev.architectury.transformer.transformers.TransformNeoForgeAnnotations@294e0
[Architectury Transformer DEBUG]  - dev.architectury.transformer.transformers.TransformNeoForgeEnvironment@286e1ed2
[Architectury Transformer DEBUG] Transforming from F:\Projects\Games\Moddable\Mc\Programmation\Mods\Cross-Port\BlueMapOfflinePlayerMarkersNeoForge\common\build\devlibs\bluemapofflineplayermarkers-common-1.4.1-dev.jar to F:\Projects\Games\Moddable\Mc\Programmation\Mods\Cross-Port\BlueMapOfflinePlayerMarkersNeoForge\common\build\libs\bluemapofflineplayermarkers-common-1.4.1-transformProductionNeoForge.jar with 5 transformer(s) on dev.architectury.transformer.handler.SimpleTransformerHandler
[Architectury Transformer DEBUG] Remapping with 1 mapping provider(s):
[Architectury Transformer DEBUG]  - dev.architectury.transformer.transformers.TransformNeoForgeEnvironment$$Lambda/0x0000020c8227d1c8@433af22d
[Architectury Transformer DEBUG] Provided 77 classpath jar(s):
[Architectury Transformer DEBUG]  - C:\Users\flori\.gradle\caches\modules-2\files-2.1\org.jetbrains.kotlinx\kotlinx-serialization-json-jvm\1.7.3\6701e8c68d9e82387ce72ee96e8ddf058208d58f\kotlinx-serialization-json-jvm-1.7.3.jar
[Architectury Transformer DEBUG]  - C:\Users\flori\.gradle\caches\modules-2\files-2.1\org.jetbrains.kotlinx\kotlinx-serialization-core-jvm\1.7.3\1f226780b845ff9206474c05159245d861556249\kotlinx-serialization-core-jvm-1.7.3.jar
[Architectury Transformer DEBUG]  - C:\Users\flori\.gradle\caches\modules-2\files-2.1\org.jetbrains.kotlin\kotlin-stdlib\2.0.20\7388d355f7cceb002cd387ccb7ab3850e4e0a07f\kotlin-stdlib-2.0.20.jar
[Architectury Transformer DEBUG]  - C:\Users\flori\.gradle\caches\modules-2\files-2.1\dev.architectury\architectury-injectables\1.0.10\62db2a366d662606d1b23ad02ccc3212ed37ec3\architectury-injectables-1.0.10.jar
[Architectury Transformer DEBUG]  - C:\Users\flori\.gradle\caches\modules-2\files-2.1\net.fabricmc\fabric-loader\0.16.10\dbd932c2a3641d2c41cf9abfe47e140a5753fa86\fabric-loader-0.16.10.jar
[Architectury Transformer DEBUG]  - C:\Users\flori\.gradle\caches\modules-2\files-2.1\org.jetbrains\annotations\24.1.0\7af6a669488450c4a07c2c3254e2151df42d7d04\annotations-24.1.0.jar
[Architectury Transformer DEBUG]  - C:\Users\flori\.gradle\caches\modules-2\files-2.1\de.bluecolored\bluemap-api\2.7.3\c4a575033e2bda2f7e9bfc647a45ca5c11fe1feb\bluemap-api-2.7.3.jar
[Architectury Transformer DEBUG]  - C:\Users\flori\.gradle\caches\modules-2\files-2.1\org.ow2.asm\asm\9.7.1\f0ed132a49244b042cd0e15702ab9f2ce3cc8436\asm-9.7.1.jar
[Architectury Transformer DEBUG]  - C:\Users\flori\.gradle\caches\modules-2\files-2.1\org.ow2.asm\asm-analysis\9.7.1\f97a3b319f0ed6a8cd944dc79060d3912a28985f\asm-analysis-9.7.1.jar
[Architectury Transformer DEBUG]  - C:\Users\flori\.gradle\caches\modules-2\files-2.1\org.ow2.asm\asm-commons\9.7.1\406c6a2225cfe1819f102a161e54cc16a5c24f75\asm-commons-9.7.1.jar
[Architectury Transformer DEBUG]  - C:\Users\flori\.gradle\caches\modules-2\files-2.1\org.ow2.asm\asm-tree\9.7.1\3a53139787663b139de76b627fca0084ab60d32c\asm-tree-9.7.1.jar
[Architectury Transformer DEBUG]  - C:\Users\flori\.gradle\caches\modules-2\files-2.1\org.ow2.asm\asm-util\9.7.1\9e23359b598ec6b74b23e53110dd5c577adf2243\asm-util-9.7.1.jar
[Architectury Transformer DEBUG]  - C:\Users\flori\.gradle\caches\modules-2\files-2.1\net.fabricmc\sponge-mixin\0.15.4+mixin.0.8.7\6a12aacc794f1078458433116e9ed42c1cc98096\sponge-mixin-0.15.4+mixin.0.8.7.jar
[Architectury Transformer DEBUG]  - C:\Users\flori\.gradle\caches\modules-2\files-2.1\io.github.llamalad7\mixinextras-fabric\0.4.1\8d1a9e96afb990367fa1f904d17580d164da72e3\mixinextras-fabric-0.4.1.jar
[Architectury Transformer DEBUG]  - C:\Users\flori\.gradle\caches\modules-2\files-2.1\com.fasterxml.jackson.core\jackson-annotations\2.13.4\858c6cc78e1f08a885b1613e1d817c829df70a6e\jackson-annotations-2.13.4.jar
[Architectury Transformer DEBUG]  - C:\Users\flori\.gradle\caches\modules-2\files-2.1\com.fasterxml.jackson.core\jackson-core\2.13.4\cf934c681294b97ef6d80082faeefbe1edadf56\jackson-core-2.13.4.jar
[Architectury Transformer DEBUG]  - C:\Users\flori\.gradle\caches\modules-2\files-2.1\com.fasterxml.jackson.core\jackson-databind\2.13.4.2\325c06bdfeb628cfb80ebaaf1a26cc1eb558a585\jackson-databind-2.13.4.2.jar
[Architectury Transformer DEBUG]  - C:\Users\flori\.gradle\caches\modules-2\files-2.1\com.github.oshi\oshi-core\6.6.5\e1099981fd15dc4236c4499d82aba1276fb43a9a\oshi-core-6.6.5.jar
[Architectury Transformer DEBUG]  - C:\Users\flori\.gradle\caches\modules-2\files-2.1\com.github.stephenc.jcip\jcip-annotations\1.0-1\ef31541dd28ae2cefdd17c7ebf352d93e9058c63\jcip-annotations-1.0-1.jar
[Architectury Transformer DEBUG]  - C:\Users\flori\.gradle\caches\modules-2\files-2.1\com.google.code.gson\gson\2.11.0\527175ca6d81050b53bdd4c457a6d6e017626b0e\gson-2.11.0.jar
[Architectury Transformer DEBUG]  - C:\Users\flori\.gradle\caches\modules-2\files-2.1\com.google.guava\failureaccess\1.0.2\c4a06a64e650562f30b7bf9aaec1bfed43aca12b\failureaccess-1.0.2.jar
[Architectury Transformer DEBUG]  - C:\Users\flori\.gradle\caches\modules-2\files-2.1\com.google.guava\guava\33.3.1-jre\852f8b363da0111e819460021ca693cacca3e8db\guava-33.3.1-jre.jar
[Architectury Transformer DEBUG]  - C:\Users\flori\.gradle\caches\modules-2\files-2.1\com.ibm.icu\icu4j\76.1\215f3a8e936d4069344bd75f2b1368fd58112894\icu4j-76.1.jar
[Architectury Transformer DEBUG]  - C:\Users\flori\.gradle\caches\modules-2\files-2.1\com.microsoft.azure\msal4j\1.17.2\a6211e3d71d0388929babaa0ff0951b30d001852\msal4j-1.17.2.jar
[Architectury Transformer DEBUG]  - C:\Users\flori\.gradle\caches\modules-2\files-2.1\com.mojang\authlib\6.0.57\bded3161a7346de32213da750388ec6529fe4f6b\authlib-6.0.57.jar
[Architectury Transformer DEBUG]  - C:\Users\flori\.gradle\caches\modules-2\files-2.1\com.mojang\blocklist\1.0.10\5c685c5ffa94c4cd39496c7184c1d122e515ecef\blocklist-1.0.10.jar
[Architectury Transformer DEBUG]  - C:\Users\flori\.gradle\caches\modules-2\files-2.1\com.mojang\brigadier\1.3.10\d15b53a14cf20fdcaa98f731af5dda654452c010\brigadier-1.3.10.jar
[Architectury Transformer DEBUG]  - C:\Users\flori\.gradle\caches\modules-2\files-2.1\com.mojang\datafixerupper\8.0.16\67d4de6d7f95d89bcf5862995fb854ebaec02a34\datafixerupper-8.0.16.jar
[Architectury Transformer DEBUG]  - C:\Users\flori\.gradle\caches\modules-2\files-2.1\com.mojang\jtracy\1.0.29\6f07dcb6a2e595c7ee2ca43b67e5d1c018ca0770\jtracy-1.0.29.jar
[Architectury Transformer DEBUG]  - C:\Users\flori\.gradle\caches\modules-2\files-2.1\com.mojang\logging\1.5.10\9ab1202793717af9df9c1704d0a02892067001eb\logging-1.5.10.jar
[Architectury Transformer DEBUG]  - C:\Users\flori\.gradle\caches\modules-2\files-2.1\com.mojang\patchy\2.2.10\da05971b07cbb379d002cf7eaec6a2048211fefc\patchy-2.2.10.jar
[Architectury Transformer DEBUG]  - C:\Users\flori\.gradle\caches\modules-2\files-2.1\com.mojang\text2speech\1.17.9\3cad216e3a7f0c19b4b394388bc9ffc446f13b14\text2speech-1.17.9.jar
[Architectury Transformer DEBUG]  - C:\Users\flori\.gradle\caches\modules-2\files-2.1\com.nimbusds\content-type\2.3\e3aa0be212d7a42839a8f3f506f5b990bcce0222\content-type-2.3.jar
[Architectury Transformer DEBUG]  - C:\Users\flori\.gradle\caches\modules-2\files-2.1\com.nimbusds\lang-tag\1.7\97c73ecd70bc7e8eefb26c5eea84f251a63f1031\lang-tag-1.7.jar
[Architectury Transformer DEBUG]  - C:\Users\flori\.gradle\caches\modules-2\files-2.1\com.nimbusds\nimbus-jose-jwt\9.40\42b1dfa0360e4062951b070bac52dd8d96fd7b38\nimbus-jose-jwt-9.40.jar
[Architectury Transformer DEBUG]  - C:\Users\flori\.gradle\caches\modules-2\files-2.1\com.nimbusds\oauth2-oidc-sdk\11.18\7c7ec4f4066625ff07a711ad856fa04da1ff9de\oauth2-oidc-sdk-11.18.jar
[Architectury Transformer DEBUG]  - C:\Users\flori\.gradle\caches\modules-2\files-2.1\commons-codec\commons-codec\1.17.1\973638b7149d333563584137ebf13a691bb60579\commons-codec-1.17.1.jar
[Architectury Transformer DEBUG]  - C:\Users\flori\.gradle\caches\modules-2\files-2.1\commons-io\commons-io\2.17.0\ddcc8433eb019fb48fe25207c0278143f3e1d7e2\commons-io-2.17.0.jar
[Architectury Transformer DEBUG]  - C:\Users\flori\.gradle\caches\modules-2\files-2.1\commons-logging\commons-logging\1.3.4\b9fc14968d63a8b8a8a2c1885fe3e90564239708\commons-logging-1.3.4.jar
[Architectury Transformer DEBUG]  - C:\Users\flori\.gradle\caches\modules-2\files-2.1\io.netty\netty-buffer\4.1.115.Final\d5daf1030e5c36d198caf7562da2441a97ec0df6\netty-buffer-4.1.115.Final.jar
[Architectury Transformer DEBUG]  - C:\Users\flori\.gradle\caches\modules-2\files-2.1\io.netty\netty-codec\4.1.115.Final\d326bf3a4c785b272da3db6941779a1bd5448378\netty-codec-4.1.115.Final.jar
[Architectury Transformer DEBUG]  - C:\Users\flori\.gradle\caches\modules-2\files-2.1\io.netty\netty-common\4.1.115.Final\9da10a9f72e3f87e181d91b525174007a6fc4f11\netty-common-4.1.115.Final.jar
[Architectury Transformer DEBUG]  - C:\Users\flori\.gradle\caches\modules-2\files-2.1\io.netty\netty-handler\4.1.115.Final\d54dbf68b9d88a98240107758c6b63da5e46e23a\netty-handler-4.1.115.Final.jar
[Architectury Transformer DEBUG]  - C:\Users\flori\.gradle\caches\modules-2\files-2.1\io.netty\netty-resolver\4.1.115.Final\e33b4d476c03975957f5d8d0319d592bf2bc5e96\netty-resolver-4.1.115.Final.jar
[Architectury Transformer DEBUG]  - C:\Users\flori\.gradle\caches\modules-2\files-2.1\io.netty\netty-transport-classes-epoll\4.1.115.Final\11fea00408ecbd8b8d1f0698d708e37db4a01841\netty-transport-classes-epoll-4.1.115.Final.jar
[Architectury Transformer DEBUG]  - C:\Users\flori\.gradle\caches\modules-2\files-2.1\io.netty\netty-transport-native-unix-common\4.1.115.Final\dc96c67d06cd6b5eb677f2728f27bf2e3d9a7284\netty-transport-native-unix-common-4.1.115.Final.jar
[Architectury Transformer DEBUG]  - C:\Users\flori\.gradle\caches\modules-2\files-2.1\io.netty\netty-transport\4.1.115.Final\39cef77c1a25908ac1abf4960c2e789f0bf70ff9\netty-transport-4.1.115.Final.jar
[Architectury Transformer DEBUG]  - C:\Users\flori\.gradle\caches\modules-2\files-2.1\it.unimi.dsi\fastutil\8.5.15\1e885b40c9563ab0d3899b871fd0b30e958705dc\fastutil-8.5.15.jar
[Architectury Transformer DEBUG]  - C:\Users\flori\.gradle\caches\modules-2\files-2.1\net.java.dev.jna\jna-platform\5.15.0\86b502cad57d45da172b5e3231c537b042e296ef\jna-platform-5.15.0.jar
[Architectury Transformer DEBUG]  - C:\Users\flori\.gradle\caches\modules-2\files-2.1\net.java.dev.jna\jna\5.15.0\1ee1d80ff44f08280188f7c0e740d57207841ac\jna-5.15.0.jar
[Architectury Transformer DEBUG]  - C:\Users\flori\.gradle\caches\modules-2\files-2.1\net.minidev\accessors-smart\2.5.1\19b820261eb2e7de7d5bde11d1c06e4501dd7e5f\accessors-smart-2.5.1.jar
[Architectury Transformer DEBUG]  - C:\Users\flori\.gradle\caches\modules-2\files-2.1\net.minidev\json-smart\2.5.1\4c11d2808d009132dfbbf947ebf37de6bf266c8e\json-smart-2.5.1.jar
[Architectury Transformer DEBUG]  - C:\Users\flori\.gradle\caches\modules-2\files-2.1\net.sf.jopt-simple\jopt-simple\5.0.4\4fdac2fbe92dfad86aa6e9301736f6b4342a3f5c\jopt-simple-5.0.4.jar
[Architectury Transformer DEBUG]  - C:\Users\flori\.gradle\caches\modules-2\files-2.1\org.apache.commons\commons-compress\1.27.1\a19151084758e2fbb6b41eddaa88e7b8ff4e6599\commons-compress-1.27.1.jar
[Architectury Transformer DEBUG]  - C:\Users\flori\.gradle\caches\modules-2\files-2.1\org.apache.commons\commons-lang3\3.17.0\b17d2136f0460dcc0d2016ceefca8723bdf4ee70\commons-lang3-3.17.0.jar
[Architectury Transformer DEBUG]  - C:\Users\flori\.gradle\caches\modules-2\files-2.1\org.apache.httpcomponents\httpclient\4.5.14\1194890e6f56ec29177673f2f12d0b8e627dec98\httpclient-4.5.14.jar
[Architectury Transformer DEBUG]  - C:\Users\flori\.gradle\caches\modules-2\files-2.1\org.apache.httpcomponents\httpcore\4.4.16\51cf043c87253c9f58b539c9f7e44c8894223850\httpcore-4.4.16.jar
[Architectury Transformer DEBUG]  - C:\Users\flori\.gradle\caches\modules-2\files-2.1\org.apache.logging.log4j\log4j-api\2.24.1\7ebeb12c20606373005af4232cd0ecca72613dda\log4j-api-2.24.1.jar
[Architectury Transformer DEBUG]  - C:\Users\flori\.gradle\caches\modules-2\files-2.1\org.apache.logging.log4j\log4j-core\2.24.1\c85285146f28d8c8962384f786e2dff04172fb43\log4j-core-2.24.1.jar
[Architectury Transformer DEBUG]  - C:\Users\flori\.gradle\caches\modules-2\files-2.1\org.apache.logging.log4j\log4j-slf4j2-impl\2.24.1\8e3ddc96464ef7f768823e7e001a52b23de8cd0a\log4j-slf4j2-impl-2.24.1.jar
[Architectury Transformer DEBUG]  - C:\Users\flori\.gradle\caches\modules-2\files-2.1\org.jcraft\jorbis\0.0.17\8872d22b293e8f5d7d56ff92be966e6dc28ebdc6\jorbis-0.0.17.jar
[Architectury Transformer DEBUG]  - C:\Users\flori\.gradle\caches\modules-2\files-2.1\org.joml\joml\1.10.8\fc0a71dad90a2cf41d82a76156a0e700af8e4f8d\joml-1.10.8.jar
[Architectury Transformer DEBUG]  - C:\Users\flori\.gradle\caches\modules-2\files-2.1\org.lwjgl\lwjgl-freetype\3.3.3\a0db6c84a8becc8ca05f9dbfa985edc348a824c7\lwjgl-freetype-3.3.3.jar
[Architectury Transformer DEBUG]  - C:\Users\flori\.gradle\caches\modules-2\files-2.1\org.lwjgl\lwjgl-glfw\3.3.3\efa1eb78c5ccd840e9f329717109b5e892d72f8e\lwjgl-glfw-3.3.3.jar
[Architectury Transformer DEBUG]  - C:\Users\flori\.gradle\caches\modules-2\files-2.1\org.lwjgl\lwjgl-jemalloc\3.3.3\b543467b7ff3c6920539a88ee602d34098628be5\lwjgl-jemalloc-3.3.3.jar
[Architectury Transformer DEBUG]  - C:\Users\flori\.gradle\caches\modules-2\files-2.1\org.lwjgl\lwjgl-openal\3.3.3\daada81ceb5fc0c291fbfdd4433cb8d9423577f2\lwjgl-openal-3.3.3.jar
[Architectury Transformer DEBUG]  - C:\Users\flori\.gradle\caches\modules-2\files-2.1\org.lwjgl\lwjgl-opengl\3.3.3\2f6b0147078396a58979125a4c947664e98293a\lwjgl-opengl-3.3.3.jar
[Architectury Transformer DEBUG]  - C:\Users\flori\.gradle\caches\modules-2\files-2.1\org.lwjgl\lwjgl-stb\3.3.3\25dd6161988d7e65f71d5065c99902402ee32746\lwjgl-stb-3.3.3.jar
[Architectury Transformer DEBUG]  - C:\Users\flori\.gradle\caches\modules-2\files-2.1\org.lwjgl\lwjgl-tinyfd\3.3.3\82d755ca94b102e9ca77283b9e2dc46d1b15fbe5\lwjgl-tinyfd-3.3.3.jar
[Architectury Transformer DEBUG]  - C:\Users\flori\.gradle\caches\modules-2\files-2.1\org.lwjgl\lwjgl\3.3.3\29589b5f87ed335a6c7e7ee6a5775f81f97ecb84\lwjgl-3.3.3.jar
[Architectury Transformer DEBUG]  - C:\Users\flori\.gradle\caches\modules-2\files-2.1\org.lz4\lz4-java\1.8.0\4b986a99445e49ea5fbf5d149c4b63f6ed6c6780\lz4-java-1.8.0.jar
[Architectury Transformer DEBUG]  - C:\Users\flori\.gradle\caches\modules-2\files-2.1\org.slf4j\slf4j-api\2.0.16\172931663a09a1fa515567af5fbef00897d3c04\slf4j-api-2.0.16.jar
[Architectury Transformer DEBUG]  - C:\Users\flori\.gradle\caches\fabric-loom\minecraftMaven\net\minecraft\minecraft-merged\1.21.4-loom.mappings.1_21_4.layered+hash.40545-v2\minecraft-merged-1.21.4-loom.mappings.1_21_4.layered+hash.40545-v2.jar
[Architectury Transformer DEBUG]  - C:\Users\flori\.gradle\caches\modules-2\files-2.1\io.netty\netty-transport-native-epoll\4.1.115.Final\a6cc58c4a259bad159cbb06120cea9b3474e86a0\netty-transport-native-epoll-4.1.115.Final-linux-x86_64.jar
[Architectury Transformer DEBUG]  - C:\Users\flori\.gradle\caches\modules-2\files-2.1\io.netty\netty-transport-native-epoll\4.1.115.Final\a80b32f98ceb4e27958c0ceaf22ddad9ea6c0d4e\netty-transport-native-epoll-4.1.115.Final-linux-aarch_64.jar
[Architectury Transformer DEBUG]  - C:\Users\flori\.gradle\caches\modules-2\files-2.1\com.flowpowered\flow-math\1.0.3\d98020239e5015091ad3be927cef9dea0d61a234\flow-math-1.0.3.jar
[Architectury Transformer DEBUG]  - C:\Users\flori\.gradle\caches\modules-2\files-2.1\com.google.errorprone\error_prone_annotations\2.27.0\91b2c29d8a6148b5e2e4930f070d4840e2e48e34\error_prone_annotations-2.27.0.jar
[Architectury Transformer] Read classpath in 1.444 s
[Architectury Transformer DEBUG] Remapping Classes:
[Architectury Transformer DEBUG] net/fabricmc/api/EnvType -> net/neoforged/api/distmarker/Dist
[Architectury Transformer DEBUG] net/fabricmc/api/Environment -> net/neoforged/api/distmarker/OnlyIn
[Architectury Transformer DEBUG] Found class transformer
[Architectury Transformer DEBUG] Writing fr/florian4600/serverutils/Translatable with maxs=true frames=true
[Architectury Transformer DEBUG] Writing fr/florian4600/compatutils/CompatibilityUtilities with maxs=true frames=true
[Architectury Transformer DEBUG] Writing com/technicjelle/BMUtils with maxs=true frames=true
[Architectury Transformer DEBUG] Writing com/technicjelle/bluemapofflineplayermarkers/Bukkit2ForgeKt with maxs=true frames=true
[Architectury Transformer DEBUG] Writing com/technicjelle/bluemapofflineplayermarkers/ConfigManager$Config$$serializer with maxs=true frames=true
[Architectury Transformer DEBUG] Writing com/technicjelle/bluemapofflineplayermarkers/MarkerHandler with maxs=true frames=true
[Architectury Transformer DEBUG] Writing com/technicjelle/bluemapofflineplayermarkers/BlueMapOfflinePlayerMarkers with maxs=true frames=true
[Architectury Transformer DEBUG] Writing com/technicjelle/bluemapofflineplayermarkers/ConfigManager$BannedPlayer with maxs=true frames=true
[Architectury Transformer DEBUG] Writing com/technicjelle/bluemapofflineplayermarkers/ConfigManager$BannedPlayer$$serializer with maxs=true frames=true
[Architectury Transformer DEBUG] Writing com/technicjelle/bluemapofflineplayermarkers/ConfigManager$Config with maxs=true frames=true
[Architectury Transformer DEBUG] Writing com/technicjelle/bluemapofflineplayermarkers/ConfigManager with maxs=true frames=true
[Architectury Transformer DEBUG] Writing com/technicjelle/bluemapofflineplayermarkers/ConfigManager$Config$GameMode$Companion with maxs=true frames=true
[Architectury Transformer DEBUG] Writing com/technicjelle/bluemapofflineplayermarkers/ConfigManager$Config$GameMode with maxs=true frames=true
[Architectury Transformer DEBUG] Writing com/technicjelle/bluemapofflineplayermarkers/ConfigManager$Config$Companion with maxs=true frames=true
[Architectury Transformer DEBUG] Writing com/technicjelle/bluemapofflineplayermarkers/ConfigManager$BannedPlayer$Companion with maxs=true frames=true
[Architectury Transformer DEBUG] Writing com/technicjelle/bluemapofflineplayermarkers/struct/OfflinePlayer with maxs=true frames=true
[Architectury Transformer DEBUG] Writing com/technicjelle/bluemapofflineplayermarkers/events/OPMEventHandler$Companion with maxs=true frames=true
[Architectury Transformer DEBUG] Writing com/technicjelle/bluemapofflineplayermarkers/events/OPMEventHandler with maxs=true frames=true
[Architectury Transformer DEBUG] Writing com/technicjelle/bluemapofflineplayermarkers/commands/DeleteMarkerCommand$Companion with maxs=true frames=true
[Architectury Transformer DEBUG] Writing com/technicjelle/bluemapofflineplayermarkers/commands/FakeMarkerCommand$Companion with maxs=true frames=true
[Architectury Transformer DEBUG] Writing com/technicjelle/bluemapofflineplayermarkers/commands/DeleteMarkerCommand with maxs=true frames=true
[Architectury Transformer DEBUG] Writing com/technicjelle/bluemapofflineplayermarkers/commands/FakeMarkerCommand with maxs=true frames=true
[Architectury Transformer DEBUG] Closed File Systems for F:\Projects\Games\Moddable\Mc\Programmation\Mods\Cross-Port\BlueMapOfflinePlayerMarkersNeoForge\common\build\libs\bluemapofflineplayermarkers-common-1.4.1-transformProductionNeoForge.jar
[Architectury Transformer] Transformed jar with 5 transformer(s) in 2.115 s
[Architectury Transformer DEBUG] Closed File Systems for F:\Projects\Games\Moddable\Mc\Programmation\Mods\Cross-Port\BlueMapOfflinePlayerMarkersNeoForge\common\build\libs\bluemapofflineplayermarkers-common-1.4.1.jar
[Architectury Transformer DEBUG] 
[Architectury Transformer DEBUG] ============================
[Architectury Transformer DEBUG] Transforming from F:\Projects\Games\Moddable\Mc\Programmation\Mods\Cross-Port\BlueMapOfflinePlayerMarkersNeoForge\common\build\devlibs\bluemapofflineplayermarkers-common-1.4.1-dev.jar to F:\Projects\Games\Moddable\Mc\Programmation\Mods\Cross-Port\BlueMapOfflinePlayerMarkersNeoForge\common\build\libs\bluemapofflineplayermarkers-common-1.4.1-transformProductionNeoForge.jar
[Architectury Transformer DEBUG] ============================
[Architectury Transformer DEBUG] 
[Architectury Transformer DEBUG] Transforming 5 transformer(s) from F:\Projects\Games\Moddable\Mc\Programmation\Mods\Cross-Port\BlueMapOfflinePlayerMarkersNeoForge\common\build\devlibs\bluemapofflineplayermarkers-common-1.4.1-dev.jar to F:\Projects\Games\Moddable\Mc\Programmation\Mods\Cross-Port\BlueMapOfflinePlayerMarkersNeoForge\common\build\libs\bluemapofflineplayermarkers-common-1.4.1-transformProductionNeoForge.jar: 
[Architectury Transformer DEBUG]  - dev.architectury.transformer.transformers.TransformExpectPlatform@fbbead9
[Architectury Transformer DEBUG]  - dev.architectury.transformer.transformers.RemapInjectables@3393f726
[Architectury Transformer DEBUG]  - dev.architectury.transformer.transformers.TransformPlatformOnly@78162cfb
[Architectury Transformer DEBUG]  - dev.architectury.transformer.transformers.TransformNeoForgeAnnotations@22984f91
[Architectury Transformer DEBUG]  - dev.architectury.transformer.transformers.TransformNeoForgeEnvironment@72a58439
[Architectury Transformer DEBUG] Transforming from F:\Projects\Games\Moddable\Mc\Programmation\Mods\Cross-Port\BlueMapOfflinePlayerMarkersNeoForge\common\build\devlibs\bluemapofflineplayermarkers-common-1.4.1-dev.jar to F:\Projects\Games\Moddable\Mc\Programmation\Mods\Cross-Port\BlueMapOfflinePlayerMarkersNeoForge\common\build\libs\bluemapofflineplayermarkers-common-1.4.1-transformProductionNeoForge.jar with 5 transformer(s) on dev.architectury.transformer.handler.SimpleTransformerHandler
[Architectury Transformer DEBUG] Remapping with 1 mapping provider(s):
[Architectury Transformer DEBUG]  - dev.architectury.transformer.transformers.TransformNeoForgeEnvironment$$Lambda/0x0000020c8227d1c8@433af22d
[Architectury Transformer DEBUG] Provided 77 classpath jar(s):
[Architectury Transformer DEBUG]  - C:\Users\flori\.gradle\caches\modules-2\files-2.1\org.jetbrains.kotlinx\kotlinx-serialization-json-jvm\1.7.3\6701e8c68d9e82387ce72ee96e8ddf058208d58f\kotlinx-serialization-json-jvm-1.7.3.jar
[Architectury Transformer DEBUG]  - C:\Users\flori\.gradle\caches\modules-2\files-2.1\org.jetbrains.kotlinx\kotlinx-serialization-core-jvm\1.7.3\1f226780b845ff9206474c05159245d861556249\kotlinx-serialization-core-jvm-1.7.3.jar
[Architectury Transformer DEBUG]  - C:\Users\flori\.gradle\caches\modules-2\files-2.1\org.jetbrains.kotlin\kotlin-stdlib\2.0.20\7388d355f7cceb002cd387ccb7ab3850e4e0a07f\kotlin-stdlib-2.0.20.jar
[Architectury Transformer DEBUG]  - C:\Users\flori\.gradle\caches\modules-2\files-2.1\dev.architectury\architectury-injectables\1.0.10\62db2a366d662606d1b23ad02ccc3212ed37ec3\architectury-injectables-1.0.10.jar
[Architectury Transformer DEBUG]  - C:\Users\flori\.gradle\caches\modules-2\files-2.1\net.fabricmc\fabric-loader\0.16.10\dbd932c2a3641d2c41cf9abfe47e140a5753fa86\fabric-loader-0.16.10.jar
[Architectury Transformer DEBUG]  - C:\Users\flori\.gradle\caches\modules-2\files-2.1\org.jetbrains\annotations\24.1.0\7af6a669488450c4a07c2c3254e2151df42d7d04\annotations-24.1.0.jar
[Architectury Transformer DEBUG]  - C:\Users\flori\.gradle\caches\modules-2\files-2.1\de.bluecolored\bluemap-api\2.7.3\c4a575033e2bda2f7e9bfc647a45ca5c11fe1feb\bluemap-api-2.7.3.jar
[Architectury Transformer DEBUG]  - C:\Users\flori\.gradle\caches\modules-2\files-2.1\org.ow2.asm\asm\9.7.1\f0ed132a49244b042cd0e15702ab9f2ce3cc8436\asm-9.7.1.jar
[Architectury Transformer DEBUG]  - C:\Users\flori\.gradle\caches\modules-2\files-2.1\org.ow2.asm\asm-analysis\9.7.1\f97a3b319f0ed6a8cd944dc79060d3912a28985f\asm-analysis-9.7.1.jar
[Architectury Transformer DEBUG]  - C:\Users\flori\.gradle\caches\modules-2\files-2.1\org.ow2.asm\asm-commons\9.7.1\406c6a2225cfe1819f102a161e54cc16a5c24f75\asm-commons-9.7.1.jar
[Architectury Transformer DEBUG]  - C:\Users\flori\.gradle\caches\modules-2\files-2.1\org.ow2.asm\asm-tree\9.7.1\3a53139787663b139de76b627fca0084ab60d32c\asm-tree-9.7.1.jar
[Architectury Transformer DEBUG]  - C:\Users\flori\.gradle\caches\modules-2\files-2.1\org.ow2.asm\asm-util\9.7.1\9e23359b598ec6b74b23e53110dd5c577adf2243\asm-util-9.7.1.jar
[Architectury Transformer DEBUG]  - C:\Users\flori\.gradle\caches\modules-2\files-2.1\net.fabricmc\sponge-mixin\0.15.4+mixin.0.8.7\6a12aacc794f1078458433116e9ed42c1cc98096\sponge-mixin-0.15.4+mixin.0.8.7.jar
[Architectury Transformer DEBUG]  - C:\Users\flori\.gradle\caches\modules-2\files-2.1\io.github.llamalad7\mixinextras-fabric\0.4.1\8d1a9e96afb990367fa1f904d17580d164da72e3\mixinextras-fabric-0.4.1.jar
[Architectury Transformer DEBUG]  - C:\Users\flori\.gradle\caches\modules-2\files-2.1\com.fasterxml.jackson.core\jackson-annotations\2.13.4\858c6cc78e1f08a885b1613e1d817c829df70a6e\jackson-annotations-2.13.4.jar
[Architectury Transformer DEBUG]  - C:\Users\flori\.gradle\caches\modules-2\files-2.1\com.fasterxml.jackson.core\jackson-core\2.13.4\cf934c681294b97ef6d80082faeefbe1edadf56\jackson-core-2.13.4.jar
[Architectury Transformer DEBUG]  - C:\Users\flori\.gradle\caches\modules-2\files-2.1\com.fasterxml.jackson.core\jackson-databind\2.13.4.2\325c06bdfeb628cfb80ebaaf1a26cc1eb558a585\jackson-databind-2.13.4.2.jar
[Architectury Transformer DEBUG]  - C:\Users\flori\.gradle\caches\modules-2\files-2.1\com.github.oshi\oshi-core\6.6.5\e1099981fd15dc4236c4499d82aba1276fb43a9a\oshi-core-6.6.5.jar
[Architectury Transformer DEBUG]  - C:\Users\flori\.gradle\caches\modules-2\files-2.1\com.github.stephenc.jcip\jcip-annotations\1.0-1\ef31541dd28ae2cefdd17c7ebf352d93e9058c63\jcip-annotations-1.0-1.jar
[Architectury Transformer DEBUG]  - C:\Users\flori\.gradle\caches\modules-2\files-2.1\com.google.code.gson\gson\2.11.0\527175ca6d81050b53bdd4c457a6d6e017626b0e\gson-2.11.0.jar
[Architectury Transformer DEBUG]  - C:\Users\flori\.gradle\caches\modules-2\files-2.1\com.google.guava\failureaccess\1.0.2\c4a06a64e650562f30b7bf9aaec1bfed43aca12b\failureaccess-1.0.2.jar
[Architectury Transformer DEBUG]  - C:\Users\flori\.gradle\caches\modules-2\files-2.1\com.google.guava\guava\33.3.1-jre\852f8b363da0111e819460021ca693cacca3e8db\guava-33.3.1-jre.jar
[Architectury Transformer DEBUG]  - C:\Users\flori\.gradle\caches\modules-2\files-2.1\com.ibm.icu\icu4j\76.1\215f3a8e936d4069344bd75f2b1368fd58112894\icu4j-76.1.jar
[Architectury Transformer DEBUG]  - C:\Users\flori\.gradle\caches\modules-2\files-2.1\com.microsoft.azure\msal4j\1.17.2\a6211e3d71d0388929babaa0ff0951b30d001852\msal4j-1.17.2.jar
[Architectury Transformer DEBUG]  - C:\Users\flori\.gradle\caches\modules-2\files-2.1\com.mojang\authlib\6.0.57\bded3161a7346de32213da750388ec6529fe4f6b\authlib-6.0.57.jar
[Architectury Transformer DEBUG]  - C:\Users\flori\.gradle\caches\modules-2\files-2.1\com.mojang\blocklist\1.0.10\5c685c5ffa94c4cd39496c7184c1d122e515ecef\blocklist-1.0.10.jar
[Architectury Transformer DEBUG]  - C:\Users\flori\.gradle\caches\modules-2\files-2.1\com.mojang\brigadier\1.3.10\d15b53a14cf20fdcaa98f731af5dda654452c010\brigadier-1.3.10.jar
[Architectury Transformer DEBUG]  - C:\Users\flori\.gradle\caches\modules-2\files-2.1\com.mojang\datafixerupper\8.0.16\67d4de6d7f95d89bcf5862995fb854ebaec02a34\datafixerupper-8.0.16.jar
[Architectury Transformer DEBUG]  - C:\Users\flori\.gradle\caches\modules-2\files-2.1\com.mojang\jtracy\1.0.29\6f07dcb6a2e595c7ee2ca43b67e5d1c018ca0770\jtracy-1.0.29.jar
[Architectury Transformer DEBUG]  - C:\Users\flori\.gradle\caches\modules-2\files-2.1\com.mojang\logging\1.5.10\9ab1202793717af9df9c1704d0a02892067001eb\logging-1.5.10.jar
[Architectury Transformer DEBUG]  - C:\Users\flori\.gradle\caches\modules-2\files-2.1\com.mojang\patchy\2.2.10\da05971b07cbb379d002cf7eaec6a2048211fefc\patchy-2.2.10.jar
[Architectury Transformer DEBUG]  - C:\Users\flori\.gradle\caches\modules-2\files-2.1\com.mojang\text2speech\1.17.9\3cad216e3a7f0c19b4b394388bc9ffc446f13b14\text2speech-1.17.9.jar
[Architectury Transformer DEBUG]  - C:\Users\flori\.gradle\caches\modules-2\files-2.1\com.nimbusds\content-type\2.3\e3aa0be212d7a42839a8f3f506f5b990bcce0222\content-type-2.3.jar
[Architectury Transformer DEBUG]  - C:\Users\flori\.gradle\caches\modules-2\files-2.1\com.nimbusds\lang-tag\1.7\97c73ecd70bc7e8eefb26c5eea84f251a63f1031\lang-tag-1.7.jar
[Architectury Transformer DEBUG]  - C:\Users\flori\.gradle\caches\modules-2\files-2.1\com.nimbusds\nimbus-jose-jwt\9.40\42b1dfa0360e4062951b070bac52dd8d96fd7b38\nimbus-jose-jwt-9.40.jar
[Architectury Transformer DEBUG]  - C:\Users\flori\.gradle\caches\modules-2\files-2.1\com.nimbusds\oauth2-oidc-sdk\11.18\7c7ec4f4066625ff07a711ad856fa04da1ff9de\oauth2-oidc-sdk-11.18.jar
[Architectury Transformer DEBUG]  - C:\Users\flori\.gradle\caches\modules-2\files-2.1\commons-codec\commons-codec\1.17.1\973638b7149d333563584137ebf13a691bb60579\commons-codec-1.17.1.jar
[Architectury Transformer DEBUG]  - C:\Users\flori\.gradle\caches\modules-2\files-2.1\commons-io\commons-io\2.17.0\ddcc8433eb019fb48fe25207c0278143f3e1d7e2\commons-io-2.17.0.jar
[Architectury Transformer DEBUG]  - C:\Users\flori\.gradle\caches\modules-2\files-2.1\commons-logging\commons-logging\1.3.4\b9fc14968d63a8b8a8a2c1885fe3e90564239708\commons-logging-1.3.4.jar
[Architectury Transformer DEBUG]  - C:\Users\flori\.gradle\caches\modules-2\files-2.1\io.netty\netty-buffer\4.1.115.Final\d5daf1030e5c36d198caf7562da2441a97ec0df6\netty-buffer-4.1.115.Final.jar
[Architectury Transformer DEBUG]  - C:\Users\flori\.gradle\caches\modules-2\files-2.1\io.netty\netty-codec\4.1.115.Final\d326bf3a4c785b272da3db6941779a1bd5448378\netty-codec-4.1.115.Final.jar
[Architectury Transformer DEBUG]  - C:\Users\flori\.gradle\caches\modules-2\files-2.1\io.netty\netty-common\4.1.115.Final\9da10a9f72e3f87e181d91b525174007a6fc4f11\netty-common-4.1.115.Final.jar
[Architectury Transformer DEBUG]  - C:\Users\flori\.gradle\caches\modules-2\files-2.1\io.netty\netty-handler\4.1.115.Final\d54dbf68b9d88a98240107758c6b63da5e46e23a\netty-handler-4.1.115.Final.jar
[Architectury Transformer DEBUG]  - C:\Users\flori\.gradle\caches\modules-2\files-2.1\io.netty\netty-resolver\4.1.115.Final\e33b4d476c03975957f5d8d0319d592bf2bc5e96\netty-resolver-4.1.115.Final.jar
[Architectury Transformer DEBUG]  - C:\Users\flori\.gradle\caches\modules-2\files-2.1\io.netty\netty-transport-classes-epoll\4.1.115.Final\11fea00408ecbd8b8d1f0698d708e37db4a01841\netty-transport-classes-epoll-4.1.115.Final.jar
[Architectury Transformer DEBUG]  - C:\Users\flori\.gradle\caches\modules-2\files-2.1\io.netty\netty-transport-native-unix-common\4.1.115.Final\dc96c67d06cd6b5eb677f2728f27bf2e3d9a7284\netty-transport-native-unix-common-4.1.115.Final.jar
[Architectury Transformer DEBUG]  - C:\Users\flori\.gradle\caches\modules-2\files-2.1\io.netty\netty-transport\4.1.115.Final\39cef77c1a25908ac1abf4960c2e789f0bf70ff9\netty-transport-4.1.115.Final.jar
[Architectury Transformer DEBUG]  - C:\Users\flori\.gradle\caches\modules-2\files-2.1\it.unimi.dsi\fastutil\8.5.15\1e885b40c9563ab0d3899b871fd0b30e958705dc\fastutil-8.5.15.jar
[Architectury Transformer DEBUG]  - C:\Users\flori\.gradle\caches\modules-2\files-2.1\net.java.dev.jna\jna-platform\5.15.0\86b502cad57d45da172b5e3231c537b042e296ef\jna-platform-5.15.0.jar
[Architectury Transformer DEBUG]  - C:\Users\flori\.gradle\caches\modules-2\files-2.1\net.java.dev.jna\jna\5.15.0\1ee1d80ff44f08280188f7c0e740d57207841ac\jna-5.15.0.jar
[Architectury Transformer DEBUG]  - C:\Users\flori\.gradle\caches\modules-2\files-2.1\net.minidev\accessors-smart\2.5.1\19b820261eb2e7de7d5bde11d1c06e4501dd7e5f\accessors-smart-2.5.1.jar
[Architectury Transformer DEBUG]  - C:\Users\flori\.gradle\caches\modules-2\files-2.1\net.minidev\json-smart\2.5.1\4c11d2808d009132dfbbf947ebf37de6bf266c8e\json-smart-2.5.1.jar
[Architectury Transformer DEBUG]  - C:\Users\flori\.gradle\caches\modules-2\files-2.1\net.sf.jopt-simple\jopt-simple\5.0.4\4fdac2fbe92dfad86aa6e9301736f6b4342a3f5c\jopt-simple-5.0.4.jar
[Architectury Transformer DEBUG]  - C:\Users\flori\.gradle\caches\modules-2\files-2.1\org.apache.commons\commons-compress\1.27.1\a19151084758e2fbb6b41eddaa88e7b8ff4e6599\commons-compress-1.27.1.jar
[Architectury Transformer DEBUG]  - C:\Users\flori\.gradle\caches\modules-2\files-2.1\org.apache.commons\commons-lang3\3.17.0\b17d2136f0460dcc0d2016ceefca8723bdf4ee70\commons-lang3-3.17.0.jar
[Architectury Transformer DEBUG]  - C:\Users\flori\.gradle\caches\modules-2\files-2.1\org.apache.httpcomponents\httpclient\4.5.14\1194890e6f56ec29177673f2f12d0b8e627dec98\httpclient-4.5.14.jar
[Architectury Transformer DEBUG]  - C:\Users\flori\.gradle\caches\modules-2\files-2.1\org.apache.httpcomponents\httpcore\4.4.16\51cf043c87253c9f58b539c9f7e44c8894223850\httpcore-4.4.16.jar
[Architectury Transformer DEBUG]  - C:\Users\flori\.gradle\caches\modules-2\files-2.1\org.apache.logging.log4j\log4j-api\2.24.1\7ebeb12c20606373005af4232cd0ecca72613dda\log4j-api-2.24.1.jar
[Architectury Transformer DEBUG]  - C:\Users\flori\.gradle\caches\modules-2\files-2.1\org.apache.logging.log4j\log4j-core\2.24.1\c85285146f28d8c8962384f786e2dff04172fb43\log4j-core-2.24.1.jar
[Architectury Transformer DEBUG]  - C:\Users\flori\.gradle\caches\modules-2\files-2.1\org.apache.logging.log4j\log4j-slf4j2-impl\2.24.1\8e3ddc96464ef7f768823e7e001a52b23de8cd0a\log4j-slf4j2-impl-2.24.1.jar
[Architectury Transformer DEBUG]  - C:\Users\flori\.gradle\caches\modules-2\files-2.1\org.jcraft\jorbis\0.0.17\8872d22b293e8f5d7d56ff92be966e6dc28ebdc6\jorbis-0.0.17.jar
[Architectury Transformer DEBUG]  - C:\Users\flori\.gradle\caches\modules-2\files-2.1\org.joml\joml\1.10.8\fc0a71dad90a2cf41d82a76156a0e700af8e4f8d\joml-1.10.8.jar
[Architectury Transformer DEBUG]  - C:\Users\flori\.gradle\caches\modules-2\files-2.1\org.lwjgl\lwjgl-freetype\3.3.3\a0db6c84a8becc8ca05f9dbfa985edc348a824c7\lwjgl-freetype-3.3.3.jar
[Architectury Transformer DEBUG]  - C:\Users\flori\.gradle\caches\modules-2\files-2.1\org.lwjgl\lwjgl-glfw\3.3.3\efa1eb78c5ccd840e9f329717109b5e892d72f8e\lwjgl-glfw-3.3.3.jar
[Architectury Transformer DEBUG]  - C:\Users\flori\.gradle\caches\modules-2\files-2.1\org.lwjgl\lwjgl-jemalloc\3.3.3\b543467b7ff3c6920539a88ee602d34098628be5\lwjgl-jemalloc-3.3.3.jar
[Architectury Transformer DEBUG]  - C:\Users\flori\.gradle\caches\modules-2\files-2.1\org.lwjgl\lwjgl-openal\3.3.3\daada81ceb5fc0c291fbfdd4433cb8d9423577f2\lwjgl-openal-3.3.3.jar
[Architectury Transformer DEBUG]  - C:\Users\flori\.gradle\caches\modules-2\files-2.1\org.lwjgl\lwjgl-opengl\3.3.3\2f6b0147078396a58979125a4c947664e98293a\lwjgl-opengl-3.3.3.jar
[Architectury Transformer DEBUG]  - C:\Users\flori\.gradle\caches\modules-2\files-2.1\org.lwjgl\lwjgl-stb\3.3.3\25dd6161988d7e65f71d5065c99902402ee32746\lwjgl-stb-3.3.3.jar
[Architectury Transformer DEBUG]  - C:\Users\flori\.gradle\caches\modules-2\files-2.1\org.lwjgl\lwjgl-tinyfd\3.3.3\82d755ca94b102e9ca77283b9e2dc46d1b15fbe5\lwjgl-tinyfd-3.3.3.jar
[Architectury Transformer DEBUG]  - C:\Users\flori\.gradle\caches\modules-2\files-2.1\org.lwjgl\lwjgl\3.3.3\29589b5f87ed335a6c7e7ee6a5775f81f97ecb84\lwjgl-3.3.3.jar
[Architectury Transformer DEBUG]  - C:\Users\flori\.gradle\caches\modules-2\files-2.1\org.lz4\lz4-java\1.8.0\4b986a99445e49ea5fbf5d149c4b63f6ed6c6780\lz4-java-1.8.0.jar
[Architectury Transformer DEBUG]  - C:\Users\flori\.gradle\caches\modules-2\files-2.1\org.slf4j\slf4j-api\2.0.16\172931663a09a1fa515567af5fbef00897d3c04\slf4j-api-2.0.16.jar
[Architectury Transformer DEBUG]  - C:\Users\flori\.gradle\caches\fabric-loom\minecraftMaven\net\minecraft\minecraft-merged\1.21.4-loom.mappings.1_21_4.layered+hash.40545-v2\minecraft-merged-1.21.4-loom.mappings.1_21_4.layered+hash.40545-v2.jar
[Architectury Transformer DEBUG]  - C:\Users\flori\.gradle\caches\modules-2\files-2.1\io.netty\netty-transport-native-epoll\4.1.115.Final\a6cc58c4a259bad159cbb06120cea9b3474e86a0\netty-transport-native-epoll-4.1.115.Final-linux-x86_64.jar
[Architectury Transformer DEBUG]  - C:\Users\flori\.gradle\caches\modules-2\files-2.1\io.netty\netty-transport-native-epoll\4.1.115.Final\a80b32f98ceb4e27958c0ceaf22ddad9ea6c0d4e\netty-transport-native-epoll-4.1.115.Final-linux-aarch_64.jar
[Architectury Transformer DEBUG]  - C:\Users\flori\.gradle\caches\modules-2\files-2.1\com.flowpowered\flow-math\1.0.3\d98020239e5015091ad3be927cef9dea0d61a234\flow-math-1.0.3.jar
[Architectury Transformer DEBUG]  - C:\Users\flori\.gradle\caches\modules-2\files-2.1\com.google.errorprone\error_prone_annotations\2.27.0\91b2c29d8a6148b5e2e4930f070d4840e2e48e34\error_prone_annotations-2.27.0.jar
[Architectury Transformer] Read classpath in 1.604 s
[Architectury Transformer DEBUG] Remapping Classes:
[Architectury Transformer DEBUG] net/fabricmc/api/EnvType -> net/neoforged/api/distmarker/Dist
[Architectury Transformer DEBUG] net/fabricmc/api/Environment -> net/neoforged/api/distmarker/OnlyIn
[Architectury Transformer DEBUG] Found class transformer
[Architectury Transformer DEBUG] Writing fr/florian4600/serverutils/Translatable with maxs=true frames=true
[Architectury Transformer DEBUG] Writing fr/florian4600/compatutils/CompatibilityUtilities with maxs=true frames=true
[Architectury Transformer DEBUG] Writing com/technicjelle/BMUtils with maxs=true frames=true
[Architectury Transformer DEBUG] Writing com/technicjelle/bluemapofflineplayermarkers/Bukkit2ForgeKt with maxs=true frames=true
[Architectury Transformer DEBUG] Writing com/technicjelle/bluemapofflineplayermarkers/ConfigManager$Config$$serializer with maxs=true frames=true
[Architectury Transformer DEBUG] Writing com/technicjelle/bluemapofflineplayermarkers/MarkerHandler with maxs=true frames=true
[Architectury Transformer DEBUG] Writing com/technicjelle/bluemapofflineplayermarkers/BlueMapOfflinePlayerMarkers with maxs=true frames=true
[Architectury Transformer DEBUG] Writing com/technicjelle/bluemapofflineplayermarkers/ConfigManager$Config with maxs=true frames=true
[Architectury Transformer DEBUG] Writing com/technicjelle/bluemapofflineplayermarkers/ConfigManager$BannedPlayer with maxs=true frames=true
[Architectury Transformer DEBUG] Writing com/technicjelle/bluemapofflineplayermarkers/ConfigManager$BannedPlayer$$serializer with maxs=true frames=true
[Architectury Transformer DEBUG] Writing com/technicjelle/bluemapofflineplayermarkers/ConfigManager$Config$GameMode$Companion with maxs=true frames=true
[Architectury Transformer DEBUG] Writing com/technicjelle/bluemapofflineplayermarkers/ConfigManager with maxs=true frames=true
[Architectury Transformer DEBUG] Writing com/technicjelle/bluemapofflineplayermarkers/ConfigManager$Config$GameMode with maxs=true frames=true
[Architectury Transformer DEBUG] Writing com/technicjelle/bluemapofflineplayermarkers/ConfigManager$Config$Companion with maxs=true frames=true
[Architectury Transformer DEBUG] Writing com/technicjelle/bluemapofflineplayermarkers/ConfigManager$BannedPlayer$Companion with maxs=true frames=true
[Architectury Transformer DEBUG] Writing com/technicjelle/bluemapofflineplayermarkers/struct/OfflinePlayer with maxs=true frames=true
[Architectury Transformer DEBUG] Writing com/technicjelle/bluemapofflineplayermarkers/events/OPMEventHandler$Companion with maxs=true frames=true
[Architectury Transformer DEBUG] Writing com/technicjelle/bluemapofflineplayermarkers/events/OPMEventHandler with maxs=true frames=true
[Architectury Transformer DEBUG] Writing com/technicjelle/bluemapofflineplayermarkers/commands/FakeMarkerCommand$Companion with maxs=true frames=true
[Architectury Transformer DEBUG] Writing com/technicjelle/bluemapofflineplayermarkers/commands/DeleteMarkerCommand$Companion with maxs=true frames=true
[Architectury Transformer DEBUG] Writing com/technicjelle/bluemapofflineplayermarkers/commands/DeleteMarkerCommand with maxs=true frames=true
[Architectury Transformer DEBUG] Writing com/technicjelle/bluemapofflineplayermarkers/commands/FakeMarkerCommand with maxs=true frames=true
[Architectury Transformer DEBUG] Closed File Systems for F:\Projects\Games\Moddable\Mc\Programmation\Mods\Cross-Port\BlueMapOfflinePlayerMarkersNeoForge\common\build\libs\bluemapofflineplayermarkers-common-1.4.1-transformProductionNeoForge.jar
[Architectury Transformer] Transformed jar with 5 transformer(s) in 2.430 s
[Architectury Transformer DEBUG] Closed File Systems for F:\Projects\Games\Moddable\Mc\Programmation\Mods\Cross-Port\BlueMapOfflinePlayerMarkersNeoForge\common\build\libs\bluemapofflineplayermarkers-common-1.4.1.jar
[Architectury Transformer DEBUG] 
[Architectury Transformer DEBUG] ============================
[Architectury Transformer DEBUG] Transforming from F:\Projects\Games\Moddable\Mc\Programmation\Mods\Cross-Port\BlueMapOfflinePlayerMarkersNeoForge\common\build\devlibs\bluemapofflineplayermarkers-common-1.4.1-dev.jar to F:\Projects\Games\Moddable\Mc\Programmation\Mods\Cross-Port\BlueMapOfflinePlayerMarkersNeoForge\common\build\libs\bluemapofflineplayermarkers-common-1.4.1-transformProductionNeoForge.jar
[Architectury Transformer DEBUG] ============================
[Architectury Transformer DEBUG] 
[Architectury Transformer DEBUG] Transforming 5 transformer(s) from F:\Projects\Games\Moddable\Mc\Programmation\Mods\Cross-Port\BlueMapOfflinePlayerMarkersNeoForge\common\build\devlibs\bluemapofflineplayermarkers-common-1.4.1-dev.jar to F:\Projects\Games\Moddable\Mc\Programmation\Mods\Cross-Port\BlueMapOfflinePlayerMarkersNeoForge\common\build\libs\bluemapofflineplayermarkers-common-1.4.1-transformProductionNeoForge.jar: 
[Architectury Transformer DEBUG]  - dev.architectury.transformer.transformers.TransformExpectPlatform@6ace324d
[Architectury Transformer DEBUG]  - dev.architectury.transformer.transformers.RemapInjectables@69c70670
[Architectury Transformer DEBUG]  - dev.architectury.transformer.transformers.TransformPlatformOnly@6f1788c4
[Architectury Transformer DEBUG]  - dev.architectury.transformer.transformers.TransformNeoForgeAnnotations@7437fefe
[Architectury Transformer DEBUG]  - dev.architectury.transformer.transformers.TransformNeoForgeEnvironment@6f70f66f
[Architectury Transformer DEBUG] Transforming from F:\Projects\Games\Moddable\Mc\Programmation\Mods\Cross-Port\BlueMapOfflinePlayerMarkersNeoForge\common\build\devlibs\bluemapofflineplayermarkers-common-1.4.1-dev.jar to F:\Projects\Games\Moddable\Mc\Programmation\Mods\Cross-Port\BlueMapOfflinePlayerMarkersNeoForge\common\build\libs\bluemapofflineplayermarkers-common-1.4.1-transformProductionNeoForge.jar with 5 transformer(s) on dev.architectury.transformer.handler.SimpleTransformerHandler
[Architectury Transformer DEBUG] Remapping with 1 mapping provider(s):
[Architectury Transformer DEBUG]  - dev.architectury.transformer.transformers.TransformNeoForgeEnvironment$$Lambda/0x0000020c8227d1c8@433af22d
[Architectury Transformer DEBUG] Provided 77 classpath jar(s):
[Architectury Transformer DEBUG]  - C:\Users\flori\.gradle\caches\modules-2\files-2.1\org.jetbrains.kotlinx\kotlinx-serialization-json-jvm\1.7.3\6701e8c68d9e82387ce72ee96e8ddf058208d58f\kotlinx-serialization-json-jvm-1.7.3.jar
[Architectury Transformer DEBUG]  - C:\Users\flori\.gradle\caches\modules-2\files-2.1\org.jetbrains.kotlinx\kotlinx-serialization-core-jvm\1.7.3\1f226780b845ff9206474c05159245d861556249\kotlinx-serialization-core-jvm-1.7.3.jar
[Architectury Transformer DEBUG]  - C:\Users\flori\.gradle\caches\modules-2\files-2.1\org.jetbrains.kotlin\kotlin-stdlib\2.0.20\7388d355f7cceb002cd387ccb7ab3850e4e0a07f\kotlin-stdlib-2.0.20.jar
[Architectury Transformer DEBUG]  - C:\Users\flori\.gradle\caches\modules-2\files-2.1\dev.architectury\architectury-injectables\1.0.10\62db2a366d662606d1b23ad02ccc3212ed37ec3\architectury-injectables-1.0.10.jar
[Architectury Transformer DEBUG]  - C:\Users\flori\.gradle\caches\modules-2\files-2.1\net.fabricmc\fabric-loader\0.16.10\dbd932c2a3641d2c41cf9abfe47e140a5753fa86\fabric-loader-0.16.10.jar
[Architectury Transformer DEBUG]  - C:\Users\flori\.gradle\caches\modules-2\files-2.1\org.jetbrains\annotations\24.1.0\7af6a669488450c4a07c2c3254e2151df42d7d04\annotations-24.1.0.jar
[Architectury Transformer DEBUG]  - C:\Users\flori\.gradle\caches\modules-2\files-2.1\de.bluecolored\bluemap-api\2.7.3\c4a575033e2bda2f7e9bfc647a45ca5c11fe1feb\bluemap-api-2.7.3.jar
[Architectury Transformer DEBUG]  - C:\Users\flori\.gradle\caches\modules-2\files-2.1\org.ow2.asm\asm\9.7.1\f0ed132a49244b042cd0e15702ab9f2ce3cc8436\asm-9.7.1.jar
[Architectury Transformer DEBUG]  - C:\Users\flori\.gradle\caches\modules-2\files-2.1\org.ow2.asm\asm-analysis\9.7.1\f97a3b319f0ed6a8cd944dc79060d3912a28985f\asm-analysis-9.7.1.jar
[Architectury Transformer DEBUG]  - C:\Users\flori\.gradle\caches\modules-2\files-2.1\org.ow2.asm\asm-commons\9.7.1\406c6a2225cfe1819f102a161e54cc16a5c24f75\asm-commons-9.7.1.jar
[Architectury Transformer DEBUG]  - C:\Users\flori\.gradle\caches\modules-2\files-2.1\org.ow2.asm\asm-tree\9.7.1\3a53139787663b139de76b627fca0084ab60d32c\asm-tree-9.7.1.jar
[Architectury Transformer DEBUG]  - C:\Users\flori\.gradle\caches\modules-2\files-2.1\org.ow2.asm\asm-util\9.7.1\9e23359b598ec6b74b23e53110dd5c577adf2243\asm-util-9.7.1.jar
[Architectury Transformer DEBUG]  - C:\Users\flori\.gradle\caches\modules-2\files-2.1\net.fabricmc\sponge-mixin\0.15.4+mixin.0.8.7\6a12aacc794f1078458433116e9ed42c1cc98096\sponge-mixin-0.15.4+mixin.0.8.7.jar
[Architectury Transformer DEBUG]  - C:\Users\flori\.gradle\caches\modules-2\files-2.1\io.github.llamalad7\mixinextras-fabric\0.4.1\8d1a9e96afb990367fa1f904d17580d164da72e3\mixinextras-fabric-0.4.1.jar
[Architectury Transformer DEBUG]  - C:\Users\flori\.gradle\caches\modules-2\files-2.1\com.fasterxml.jackson.core\jackson-annotations\2.13.4\858c6cc78e1f08a885b1613e1d817c829df70a6e\jackson-annotations-2.13.4.jar
[Architectury Transformer DEBUG]  - C:\Users\flori\.gradle\caches\modules-2\files-2.1\com.fasterxml.jackson.core\jackson-core\2.13.4\cf934c681294b97ef6d80082faeefbe1edadf56\jackson-core-2.13.4.jar
[Architectury Transformer DEBUG]  - C:\Users\flori\.gradle\caches\modules-2\files-2.1\com.fasterxml.jackson.core\jackson-databind\2.13.4.2\325c06bdfeb628cfb80ebaaf1a26cc1eb558a585\jackson-databind-2.13.4.2.jar
[Architectury Transformer DEBUG]  - C:\Users\flori\.gradle\caches\modules-2\files-2.1\com.github.oshi\oshi-core\6.6.5\e1099981fd15dc4236c4499d82aba1276fb43a9a\oshi-core-6.6.5.jar
[Architectury Transformer DEBUG]  - C:\Users\flori\.gradle\caches\modules-2\files-2.1\com.github.stephenc.jcip\jcip-annotations\1.0-1\ef31541dd28ae2cefdd17c7ebf352d93e9058c63\jcip-annotations-1.0-1.jar
[Architectury Transformer DEBUG]  - C:\Users\flori\.gradle\caches\modules-2\files-2.1\com.google.code.gson\gson\2.11.0\527175ca6d81050b53bdd4c457a6d6e017626b0e\gson-2.11.0.jar
[Architectury Transformer DEBUG]  - C:\Users\flori\.gradle\caches\modules-2\files-2.1\com.google.guava\failureaccess\1.0.2\c4a06a64e650562f30b7bf9aaec1bfed43aca12b\failureaccess-1.0.2.jar
[Architectury Transformer DEBUG]  - C:\Users\flori\.gradle\caches\modules-2\files-2.1\com.google.guava\guava\33.3.1-jre\852f8b363da0111e819460021ca693cacca3e8db\guava-33.3.1-jre.jar
[Architectury Transformer DEBUG]  - C:\Users\flori\.gradle\caches\modules-2\files-2.1\com.ibm.icu\icu4j\76.1\215f3a8e936d4069344bd75f2b1368fd58112894\icu4j-76.1.jar
[Architectury Transformer DEBUG]  - C:\Users\flori\.gradle\caches\modules-2\files-2.1\com.microsoft.azure\msal4j\1.17.2\a6211e3d71d0388929babaa0ff0951b30d001852\msal4j-1.17.2.jar
[Architectury Transformer DEBUG]  - C:\Users\flori\.gradle\caches\modules-2\files-2.1\com.mojang\authlib\6.0.57\bded3161a7346de32213da750388ec6529fe4f6b\authlib-6.0.57.jar
[Architectury Transformer DEBUG]  - C:\Users\flori\.gradle\caches\modules-2\files-2.1\com.mojang\blocklist\1.0.10\5c685c5ffa94c4cd39496c7184c1d122e515ecef\blocklist-1.0.10.jar
[Architectury Transformer DEBUG]  - C:\Users\flori\.gradle\caches\modules-2\files-2.1\com.mojang\brigadier\1.3.10\d15b53a14cf20fdcaa98f731af5dda654452c010\brigadier-1.3.10.jar
[Architectury Transformer DEBUG]  - C:\Users\flori\.gradle\caches\modules-2\files-2.1\com.mojang\datafixerupper\8.0.16\67d4de6d7f95d89bcf5862995fb854ebaec02a34\datafixerupper-8.0.16.jar
[Architectury Transformer DEBUG]  - C:\Users\flori\.gradle\caches\modules-2\files-2.1\com.mojang\jtracy\1.0.29\6f07dcb6a2e595c7ee2ca43b67e5d1c018ca0770\jtracy-1.0.29.jar
[Architectury Transformer DEBUG]  - C:\Users\flori\.gradle\caches\modules-2\files-2.1\com.mojang\logging\1.5.10\9ab1202793717af9df9c1704d0a02892067001eb\logging-1.5.10.jar
[Architectury Transformer DEBUG]  - C:\Users\flori\.gradle\caches\modules-2\files-2.1\com.mojang\patchy\2.2.10\da05971b07cbb379d002cf7eaec6a2048211fefc\patchy-2.2.10.jar
[Architectury Transformer DEBUG]  - C:\Users\flori\.gradle\caches\modules-2\files-2.1\com.mojang\text2speech\1.17.9\3cad216e3a7f0c19b4b394388bc9ffc446f13b14\text2speech-1.17.9.jar
[Architectury Transformer DEBUG]  - C:\Users\flori\.gradle\caches\modules-2\files-2.1\com.nimbusds\content-type\2.3\e3aa0be212d7a42839a8f3f506f5b990bcce0222\content-type-2.3.jar
[Architectury Transformer DEBUG]  - C:\Users\flori\.gradle\caches\modules-2\files-2.1\com.nimbusds\lang-tag\1.7\97c73ecd70bc7e8eefb26c5eea84f251a63f1031\lang-tag-1.7.jar
[Architectury Transformer DEBUG]  - C:\Users\flori\.gradle\caches\modules-2\files-2.1\com.nimbusds\nimbus-jose-jwt\9.40\42b1dfa0360e4062951b070bac52dd8d96fd7b38\nimbus-jose-jwt-9.40.jar
[Architectury Transformer DEBUG]  - C:\Users\flori\.gradle\caches\modules-2\files-2.1\com.nimbusds\oauth2-oidc-sdk\11.18\7c7ec4f4066625ff07a711ad856fa04da1ff9de\oauth2-oidc-sdk-11.18.jar
[Architectury Transformer DEBUG]  - C:\Users\flori\.gradle\caches\modules-2\files-2.1\commons-codec\commons-codec\1.17.1\973638b7149d333563584137ebf13a691bb60579\commons-codec-1.17.1.jar
[Architectury Transformer DEBUG]  - C:\Users\flori\.gradle\caches\modules-2\files-2.1\commons-io\commons-io\2.17.0\ddcc8433eb019fb48fe25207c0278143f3e1d7e2\commons-io-2.17.0.jar
[Architectury Transformer DEBUG]  - C:\Users\flori\.gradle\caches\modules-2\files-2.1\commons-logging\commons-logging\1.3.4\b9fc14968d63a8b8a8a2c1885fe3e90564239708\commons-logging-1.3.4.jar
[Architectury Transformer DEBUG]  - C:\Users\flori\.gradle\caches\modules-2\files-2.1\io.netty\netty-buffer\4.1.115.Final\d5daf1030e5c36d198caf7562da2441a97ec0df6\netty-buffer-4.1.115.Final.jar
[Architectury Transformer DEBUG]  - C:\Users\flori\.gradle\caches\modules-2\files-2.1\io.netty\netty-codec\4.1.115.Final\d326bf3a4c785b272da3db6941779a1bd5448378\netty-codec-4.1.115.Final.jar
[Architectury Transformer DEBUG]  - C:\Users\flori\.gradle\caches\modules-2\files-2.1\io.netty\netty-common\4.1.115.Final\9da10a9f72e3f87e181d91b525174007a6fc4f11\netty-common-4.1.115.Final.jar
[Architectury Transformer DEBUG]  - C:\Users\flori\.gradle\caches\modules-2\files-2.1\io.netty\netty-handler\4.1.115.Final\d54dbf68b9d88a98240107758c6b63da5e46e23a\netty-handler-4.1.115.Final.jar
[Architectury Transformer DEBUG]  - C:\Users\flori\.gradle\caches\modules-2\files-2.1\io.netty\netty-resolver\4.1.115.Final\e33b4d476c03975957f5d8d0319d592bf2bc5e96\netty-resolver-4.1.115.Final.jar
[Architectury Transformer DEBUG]  - C:\Users\flori\.gradle\caches\modules-2\files-2.1\io.netty\netty-transport-classes-epoll\4.1.115.Final\11fea00408ecbd8b8d1f0698d708e37db4a01841\netty-transport-classes-epoll-4.1.115.Final.jar
[Architectury Transformer DEBUG]  - C:\Users\flori\.gradle\caches\modules-2\files-2.1\io.netty\netty-transport-native-unix-common\4.1.115.Final\dc96c67d06cd6b5eb677f2728f27bf2e3d9a7284\netty-transport-native-unix-common-4.1.115.Final.jar
[Architectury Transformer DEBUG]  - C:\Users\flori\.gradle\caches\modules-2\files-2.1\io.netty\netty-transport\4.1.115.Final\39cef77c1a25908ac1abf4960c2e789f0bf70ff9\netty-transport-4.1.115.Final.jar
[Architectury Transformer DEBUG]  - C:\Users\flori\.gradle\caches\modules-2\files-2.1\it.unimi.dsi\fastutil\8.5.15\1e885b40c9563ab0d3899b871fd0b30e958705dc\fastutil-8.5.15.jar
[Architectury Transformer DEBUG]  - C:\Users\flori\.gradle\caches\modules-2\files-2.1\net.java.dev.jna\jna-platform\5.15.0\86b502cad57d45da172b5e3231c537b042e296ef\jna-platform-5.15.0.jar
[Architectury Transformer DEBUG]  - C:\Users\flori\.gradle\caches\modules-2\files-2.1\net.java.dev.jna\jna\5.15.0\1ee1d80ff44f08280188f7c0e740d57207841ac\jna-5.15.0.jar
[Architectury Transformer DEBUG]  - C:\Users\flori\.gradle\caches\modules-2\files-2.1\net.minidev\accessors-smart\2.5.1\19b820261eb2e7de7d5bde11d1c06e4501dd7e5f\accessors-smart-2.5.1.jar
[Architectury Transformer DEBUG]  - C:\Users\flori\.gradle\caches\modules-2\files-2.1\net.minidev\json-smart\2.5.1\4c11d2808d009132dfbbf947ebf37de6bf266c8e\json-smart-2.5.1.jar
[Architectury Transformer DEBUG]  - C:\Users\flori\.gradle\caches\modules-2\files-2.1\net.sf.jopt-simple\jopt-simple\5.0.4\4fdac2fbe92dfad86aa6e9301736f6b4342a3f5c\jopt-simple-5.0.4.jar
[Architectury Transformer DEBUG]  - C:\Users\flori\.gradle\caches\modules-2\files-2.1\org.apache.commons\commons-compress\1.27.1\a19151084758e2fbb6b41eddaa88e7b8ff4e6599\commons-compress-1.27.1.jar
[Architectury Transformer DEBUG]  - C:\Users\flori\.gradle\caches\modules-2\files-2.1\org.apache.commons\commons-lang3\3.17.0\b17d2136f0460dcc0d2016ceefca8723bdf4ee70\commons-lang3-3.17.0.jar
[Architectury Transformer DEBUG]  - C:\Users\flori\.gradle\caches\modules-2\files-2.1\org.apache.httpcomponents\httpclient\4.5.14\1194890e6f56ec29177673f2f12d0b8e627dec98\httpclient-4.5.14.jar
[Architectury Transformer DEBUG]  - C:\Users\flori\.gradle\caches\modules-2\files-2.1\org.apache.httpcomponents\httpcore\4.4.16\51cf043c87253c9f58b539c9f7e44c8894223850\httpcore-4.4.16.jar
[Architectury Transformer DEBUG]  - C:\Users\flori\.gradle\caches\modules-2\files-2.1\org.apache.logging.log4j\log4j-api\2.24.1\7ebeb12c20606373005af4232cd0ecca72613dda\log4j-api-2.24.1.jar
[Architectury Transformer DEBUG]  - C:\Users\flori\.gradle\caches\modules-2\files-2.1\org.apache.logging.log4j\log4j-core\2.24.1\c85285146f28d8c8962384f786e2dff04172fb43\log4j-core-2.24.1.jar
[Architectury Transformer DEBUG]  - C:\Users\flori\.gradle\caches\modules-2\files-2.1\org.apache.logging.log4j\log4j-slf4j2-impl\2.24.1\8e3ddc96464ef7f768823e7e001a52b23de8cd0a\log4j-slf4j2-impl-2.24.1.jar
[Architectury Transformer DEBUG]  - C:\Users\flori\.gradle\caches\modules-2\files-2.1\org.jcraft\jorbis\0.0.17\8872d22b293e8f5d7d56ff92be966e6dc28ebdc6\jorbis-0.0.17.jar
[Architectury Transformer DEBUG]  - C:\Users\flori\.gradle\caches\modules-2\files-2.1\org.joml\joml\1.10.8\fc0a71dad90a2cf41d82a76156a0e700af8e4f8d\joml-1.10.8.jar
[Architectury Transformer DEBUG]  - C:\Users\flori\.gradle\caches\modules-2\files-2.1\org.lwjgl\lwjgl-freetype\3.3.3\a0db6c84a8becc8ca05f9dbfa985edc348a824c7\lwjgl-freetype-3.3.3.jar
[Architectury Transformer DEBUG]  - C:\Users\flori\.gradle\caches\modules-2\files-2.1\org.lwjgl\lwjgl-glfw\3.3.3\efa1eb78c5ccd840e9f329717109b5e892d72f8e\lwjgl-glfw-3.3.3.jar
[Architectury Transformer DEBUG]  - C:\Users\flori\.gradle\caches\modules-2\files-2.1\org.lwjgl\lwjgl-jemalloc\3.3.3\b543467b7ff3c6920539a88ee602d34098628be5\lwjgl-jemalloc-3.3.3.jar
[Architectury Transformer DEBUG]  - C:\Users\flori\.gradle\caches\modules-2\files-2.1\org.lwjgl\lwjgl-openal\3.3.3\daada81ceb5fc0c291fbfdd4433cb8d9423577f2\lwjgl-openal-3.3.3.jar
[Architectury Transformer DEBUG]  - C:\Users\flori\.gradle\caches\modules-2\files-2.1\org.lwjgl\lwjgl-opengl\3.3.3\2f6b0147078396a58979125a4c947664e98293a\lwjgl-opengl-3.3.3.jar
[Architectury Transformer DEBUG]  - C:\Users\flori\.gradle\caches\modules-2\files-2.1\org.lwjgl\lwjgl-stb\3.3.3\25dd6161988d7e65f71d5065c99902402ee32746\lwjgl-stb-3.3.3.jar
[Architectury Transformer DEBUG]  - C:\Users\flori\.gradle\caches\modules-2\files-2.1\org.lwjgl\lwjgl-tinyfd\3.3.3\82d755ca94b102e9ca77283b9e2dc46d1b15fbe5\lwjgl-tinyfd-3.3.3.jar
[Architectury Transformer DEBUG]  - C:\Users\flori\.gradle\caches\modules-2\files-2.1\org.lwjgl\lwjgl\3.3.3\29589b5f87ed335a6c7e7ee6a5775f81f97ecb84\lwjgl-3.3.3.jar
[Architectury Transformer DEBUG]  - C:\Users\flori\.gradle\caches\modules-2\files-2.1\org.lz4\lz4-java\1.8.0\4b986a99445e49ea5fbf5d149c4b63f6ed6c6780\lz4-java-1.8.0.jar
[Architectury Transformer DEBUG]  - C:\Users\flori\.gradle\caches\modules-2\files-2.1\org.slf4j\slf4j-api\2.0.16\172931663a09a1fa515567af5fbef00897d3c04\slf4j-api-2.0.16.jar
[Architectury Transformer DEBUG]  - C:\Users\flori\.gradle\caches\fabric-loom\minecraftMaven\net\minecraft\minecraft-merged\1.21.4-loom.mappings.1_21_4.layered+hash.40545-v2\minecraft-merged-1.21.4-loom.mappings.1_21_4.layered+hash.40545-v2.jar
[Architectury Transformer DEBUG]  - C:\Users\flori\.gradle\caches\modules-2\files-2.1\io.netty\netty-transport-native-epoll\4.1.115.Final\a6cc58c4a259bad159cbb06120cea9b3474e86a0\netty-transport-native-epoll-4.1.115.Final-linux-x86_64.jar
[Architectury Transformer DEBUG]  - C:\Users\flori\.gradle\caches\modules-2\files-2.1\io.netty\netty-transport-native-epoll\4.1.115.Final\a80b32f98ceb4e27958c0ceaf22ddad9ea6c0d4e\netty-transport-native-epoll-4.1.115.Final-linux-aarch_64.jar
[Architectury Transformer DEBUG]  - C:\Users\flori\.gradle\caches\modules-2\files-2.1\com.flowpowered\flow-math\1.0.3\d98020239e5015091ad3be927cef9dea0d61a234\flow-math-1.0.3.jar
[Architectury Transformer DEBUG]  - C:\Users\flori\.gradle\caches\modules-2\files-2.1\com.google.errorprone\error_prone_annotations\2.27.0\91b2c29d8a6148b5e2e4930f070d4840e2e48e34\error_prone_annotations-2.27.0.jar
[Architectury Transformer] Read classpath in 1.527 s
[Architectury Transformer DEBUG] Remapping Classes:
[Architectury Transformer DEBUG] net/fabricmc/api/EnvType -> net/neoforged/api/distmarker/Dist
[Architectury Transformer DEBUG] net/fabricmc/api/Environment -> net/neoforged/api/distmarker/OnlyIn
[Architectury Transformer DEBUG] Found class transformer
[Architectury Transformer DEBUG] Writing fr/florian4600/serverutils/Translatable with maxs=true frames=true
[Architectury Transformer DEBUG] Writing fr/florian4600/compatutils/CompatibilityUtilities with maxs=true frames=true
[Architectury Transformer DEBUG] Writing com/technicjelle/BMUtils with maxs=true frames=true
[Architectury Transformer DEBUG] Writing com/technicjelle/bluemapofflineplayermarkers/Bukkit2ForgeKt with maxs=true frames=true
[Architectury Transformer DEBUG] Writing com/technicjelle/bluemapofflineplayermarkers/ConfigManager$Config$$serializer with maxs=true frames=true
[Architectury Transformer DEBUG] Writing com/technicjelle/bluemapofflineplayermarkers/MarkerHandler with maxs=true frames=true
[Architectury Transformer DEBUG] Writing com/technicjelle/bluemapofflineplayermarkers/BlueMapOfflinePlayerMarkers with maxs=true frames=true
[Architectury Transformer DEBUG] Writing com/technicjelle/bluemapofflineplayermarkers/ConfigManager$BannedPlayer with maxs=true frames=true
[Architectury Transformer DEBUG] Writing com/technicjelle/bluemapofflineplayermarkers/ConfigManager$BannedPlayer$$serializer with maxs=true frames=true
[Architectury Transformer DEBUG] Writing com/technicjelle/bluemapofflineplayermarkers/ConfigManager$Config with maxs=true frames=true
[Architectury Transformer DEBUG] Writing com/technicjelle/bluemapofflineplayermarkers/ConfigManager with maxs=true frames=true
[Architectury Transformer DEBUG] Writing com/technicjelle/bluemapofflineplayermarkers/ConfigManager$Config$GameMode$Companion with maxs=true frames=true
[Architectury Transformer DEBUG] Writing com/technicjelle/bluemapofflineplayermarkers/ConfigManager$Config$GameMode with maxs=true frames=true
[Architectury Transformer DEBUG] Writing com/technicjelle/bluemapofflineplayermarkers/ConfigManager$Config$Companion with maxs=true frames=true
[Architectury Transformer DEBUG] Writing com/technicjelle/bluemapofflineplayermarkers/ConfigManager$BannedPlayer$Companion with maxs=true frames=true
[Architectury Transformer DEBUG] Writing com/technicjelle/bluemapofflineplayermarkers/struct/OfflinePlayer with maxs=true frames=true
[Architectury Transformer DEBUG] Writing com/technicjelle/bluemapofflineplayermarkers/events/OPMEventHandler$Companion with maxs=true frames=true
[Architectury Transformer DEBUG] Writing com/technicjelle/bluemapofflineplayermarkers/events/OPMEventHandler with maxs=true frames=true
[Architectury Transformer DEBUG] Writing com/technicjelle/bluemapofflineplayermarkers/commands/FakeMarkerCommand$Companion with maxs=true frames=true
[Architectury Transformer DEBUG] Writing com/technicjelle/bluemapofflineplayermarkers/commands/DeleteMarkerCommand$Companion with maxs=true frames=true
[Architectury Transformer DEBUG] Writing com/technicjelle/bluemapofflineplayermarkers/commands/DeleteMarkerCommand with maxs=true frames=true
[Architectury Transformer DEBUG] Writing com/technicjelle/bluemapofflineplayermarkers/commands/FakeMarkerCommand with maxs=true frames=true
[Architectury Transformer DEBUG] Closed File Systems for F:\Projects\Games\Moddable\Mc\Programmation\Mods\Cross-Port\BlueMapOfflinePlayerMarkersNeoForge\common\build\libs\bluemapofflineplayermarkers-common-1.4.1-transformProductionNeoForge.jar
[Architectury Transformer] Transformed jar with 5 transformer(s) in 2.394 s
[Architectury Transformer DEBUG] Closed File Systems for F:\Projects\Games\Moddable\Mc\Programmation\Mods\Cross-Port\BlueMapOfflinePlayerMarkersNeoForge\common\build\libs\bluemapofflineplayermarkers-common-1.4.1.jar
[Architectury Transformer DEBUG] 
[Architectury Transformer DEBUG] ============================
[Architectury Transformer DEBUG] Transforming from F:\Projects\Games\Moddable\Mc\Programmation\Mods\Cross-Port\BlueMapOfflinePlayerMarkersNeoForge\common\build\devlibs\bluemapofflineplayermarkers-common-1.4.1-dev.jar to F:\Projects\Games\Moddable\Mc\Programmation\Mods\Cross-Port\BlueMapOfflinePlayerMarkersNeoForge\common\build\libs\bluemapofflineplayermarkers-common-1.4.1-transformProductionNeoForge.jar
[Architectury Transformer DEBUG] ============================
[Architectury Transformer DEBUG] 
[Architectury Transformer DEBUG] Transforming 5 transformer(s) from F:\Projects\Games\Moddable\Mc\Programmation\Mods\Cross-Port\BlueMapOfflinePlayerMarkersNeoForge\common\build\devlibs\bluemapofflineplayermarkers-common-1.4.1-dev.jar to F:\Projects\Games\Moddable\Mc\Programmation\Mods\Cross-Port\BlueMapOfflinePlayerMarkersNeoForge\common\build\libs\bluemapofflineplayermarkers-common-1.4.1-transformProductionNeoForge.jar: 
[Architectury Transformer DEBUG]  - dev.architectury.transformer.transformers.TransformExpectPlatform@7675e2c8
[Architectury Transformer DEBUG]  - dev.architectury.transformer.transformers.RemapInjectables@70d76c3c
[Architectury Transformer DEBUG]  - dev.architectury.transformer.transformers.TransformPlatformOnly@426bc051
[Architectury Transformer DEBUG]  - dev.architectury.transformer.transformers.TransformNeoForgeAnnotations@6e849b82
[Architectury Transformer DEBUG]  - dev.architectury.transformer.transformers.TransformNeoForgeEnvironment@373e4738
[Architectury Transformer DEBUG] Transforming from F:\Projects\Games\Moddable\Mc\Programmation\Mods\Cross-Port\BlueMapOfflinePlayerMarkersNeoForge\common\build\devlibs\bluemapofflineplayermarkers-common-1.4.1-dev.jar to F:\Projects\Games\Moddable\Mc\Programmation\Mods\Cross-Port\BlueMapOfflinePlayerMarkersNeoForge\common\build\libs\bluemapofflineplayermarkers-common-1.4.1-transformProductionNeoForge.jar with 5 transformer(s) on dev.architectury.transformer.handler.SimpleTransformerHandler
[Architectury Transformer DEBUG] Remapping with 1 mapping provider(s):
[Architectury Transformer DEBUG]  - dev.architectury.transformer.transformers.TransformNeoForgeEnvironment$$Lambda/0x0000020c8227d1c8@433af22d
[Architectury Transformer DEBUG] Provided 77 classpath jar(s):
[Architectury Transformer DEBUG]  - C:\Users\flori\.gradle\caches\modules-2\files-2.1\org.jetbrains.kotlinx\kotlinx-serialization-json-jvm\1.7.3\6701e8c68d9e82387ce72ee96e8ddf058208d58f\kotlinx-serialization-json-jvm-1.7.3.jar
[Architectury Transformer DEBUG]  - C:\Users\flori\.gradle\caches\modules-2\files-2.1\org.jetbrains.kotlinx\kotlinx-serialization-core-jvm\1.7.3\1f226780b845ff9206474c05159245d861556249\kotlinx-serialization-core-jvm-1.7.3.jar
[Architectury Transformer DEBUG]  - C:\Users\flori\.gradle\caches\modules-2\files-2.1\org.jetbrains.kotlin\kotlin-stdlib\2.0.20\7388d355f7cceb002cd387ccb7ab3850e4e0a07f\kotlin-stdlib-2.0.20.jar
[Architectury Transformer DEBUG]  - C:\Users\flori\.gradle\caches\modules-2\files-2.1\dev.architectury\architectury-injectables\1.0.10\62db2a366d662606d1b23ad02ccc3212ed37ec3\architectury-injectables-1.0.10.jar
[Architectury Transformer DEBUG]  - C:\Users\flori\.gradle\caches\modules-2\files-2.1\net.fabricmc\fabric-loader\0.16.10\dbd932c2a3641d2c41cf9abfe47e140a5753fa86\fabric-loader-0.16.10.jar
[Architectury Transformer DEBUG]  - C:\Users\flori\.gradle\caches\modules-2\files-2.1\org.jetbrains\annotations\24.1.0\7af6a669488450c4a07c2c3254e2151df42d7d04\annotations-24.1.0.jar
[Architectury Transformer DEBUG]  - C:\Users\flori\.gradle\caches\modules-2\files-2.1\de.bluecolored\bluemap-api\2.7.3\c4a575033e2bda2f7e9bfc647a45ca5c11fe1feb\bluemap-api-2.7.3.jar
[Architectury Transformer DEBUG]  - C:\Users\flori\.gradle\caches\modules-2\files-2.1\org.ow2.asm\asm\9.7.1\f0ed132a49244b042cd0e15702ab9f2ce3cc8436\asm-9.7.1.jar
[Architectury Transformer DEBUG]  - C:\Users\flori\.gradle\caches\modules-2\files-2.1\org.ow2.asm\asm-analysis\9.7.1\f97a3b319f0ed6a8cd944dc79060d3912a28985f\asm-analysis-9.7.1.jar
[Architectury Transformer DEBUG]  - C:\Users\flori\.gradle\caches\modules-2\files-2.1\org.ow2.asm\asm-commons\9.7.1\406c6a2225cfe1819f102a161e54cc16a5c24f75\asm-commons-9.7.1.jar
[Architectury Transformer DEBUG]  - C:\Users\flori\.gradle\caches\modules-2\files-2.1\org.ow2.asm\asm-tree\9.7.1\3a53139787663b139de76b627fca0084ab60d32c\asm-tree-9.7.1.jar
[Architectury Transformer DEBUG]  - C:\Users\flori\.gradle\caches\modules-2\files-2.1\org.ow2.asm\asm-util\9.7.1\9e23359b598ec6b74b23e53110dd5c577adf2243\asm-util-9.7.1.jar
[Architectury Transformer DEBUG]  - C:\Users\flori\.gradle\caches\modules-2\files-2.1\net.fabricmc\sponge-mixin\0.15.4+mixin.0.8.7\6a12aacc794f1078458433116e9ed42c1cc98096\sponge-mixin-0.15.4+mixin.0.8.7.jar
[Architectury Transformer DEBUG]  - C:\Users\flori\.gradle\caches\modules-2\files-2.1\io.github.llamalad7\mixinextras-fabric\0.4.1\8d1a9e96afb990367fa1f904d17580d164da72e3\mixinextras-fabric-0.4.1.jar
[Architectury Transformer DEBUG]  - C:\Users\flori\.gradle\caches\modules-2\files-2.1\com.fasterxml.jackson.core\jackson-annotations\2.13.4\858c6cc78e1f08a885b1613e1d817c829df70a6e\jackson-annotations-2.13.4.jar
[Architectury Transformer DEBUG]  - C:\Users\flori\.gradle\caches\modules-2\files-2.1\com.fasterxml.jackson.core\jackson-core\2.13.4\cf934c681294b97ef6d80082faeefbe1edadf56\jackson-core-2.13.4.jar
[Architectury Transformer DEBUG]  - C:\Users\flori\.gradle\caches\modules-2\files-2.1\com.fasterxml.jackson.core\jackson-databind\2.13.4.2\325c06bdfeb628cfb80ebaaf1a26cc1eb558a585\jackson-databind-2.13.4.2.jar
[Architectury Transformer DEBUG]  - C:\Users\flori\.gradle\caches\modules-2\files-2.1\com.github.oshi\oshi-core\6.6.5\e1099981fd15dc4236c4499d82aba1276fb43a9a\oshi-core-6.6.5.jar
[Architectury Transformer DEBUG]  - C:\Users\flori\.gradle\caches\modules-2\files-2.1\com.github.stephenc.jcip\jcip-annotations\1.0-1\ef31541dd28ae2cefdd17c7ebf352d93e9058c63\jcip-annotations-1.0-1.jar
[Architectury Transformer DEBUG]  - C:\Users\flori\.gradle\caches\modules-2\files-2.1\com.google.code.gson\gson\2.11.0\527175ca6d81050b53bdd4c457a6d6e017626b0e\gson-2.11.0.jar
[Architectury Transformer DEBUG]  - C:\Users\flori\.gradle\caches\modules-2\files-2.1\com.google.guava\failureaccess\1.0.2\c4a06a64e650562f30b7bf9aaec1bfed43aca12b\failureaccess-1.0.2.jar
[Architectury Transformer DEBUG]  - C:\Users\flori\.gradle\caches\modules-2\files-2.1\com.google.guava\guava\33.3.1-jre\852f8b363da0111e819460021ca693cacca3e8db\guava-33.3.1-jre.jar
[Architectury Transformer DEBUG]  - C:\Users\flori\.gradle\caches\modules-2\files-2.1\com.ibm.icu\icu4j\76.1\215f3a8e936d4069344bd75f2b1368fd58112894\icu4j-76.1.jar
[Architectury Transformer DEBUG]  - C:\Users\flori\.gradle\caches\modules-2\files-2.1\com.microsoft.azure\msal4j\1.17.2\a6211e3d71d0388929babaa0ff0951b30d001852\msal4j-1.17.2.jar
[Architectury Transformer DEBUG]  - C:\Users\flori\.gradle\caches\modules-2\files-2.1\com.mojang\authlib\6.0.57\bded3161a7346de32213da750388ec6529fe4f6b\authlib-6.0.57.jar
[Architectury Transformer DEBUG]  - C:\Users\flori\.gradle\caches\modules-2\files-2.1\com.mojang\blocklist\1.0.10\5c685c5ffa94c4cd39496c7184c1d122e515ecef\blocklist-1.0.10.jar
[Architectury Transformer DEBUG]  - C:\Users\flori\.gradle\caches\modules-2\files-2.1\com.mojang\brigadier\1.3.10\d15b53a14cf20fdcaa98f731af5dda654452c010\brigadier-1.3.10.jar
[Architectury Transformer DEBUG]  - C:\Users\flori\.gradle\caches\modules-2\files-2.1\com.mojang\datafixerupper\8.0.16\67d4de6d7f95d89bcf5862995fb854ebaec02a34\datafixerupper-8.0.16.jar
[Architectury Transformer DEBUG]  - C:\Users\flori\.gradle\caches\modules-2\files-2.1\com.mojang\jtracy\1.0.29\6f07dcb6a2e595c7ee2ca43b67e5d1c018ca0770\jtracy-1.0.29.jar
[Architectury Transformer DEBUG]  - C:\Users\flori\.gradle\caches\modules-2\files-2.1\com.mojang\logging\1.5.10\9ab1202793717af9df9c1704d0a02892067001eb\logging-1.5.10.jar
[Architectury Transformer DEBUG]  - C:\Users\flori\.gradle\caches\modules-2\files-2.1\com.mojang\patchy\2.2.10\da05971b07cbb379d002cf7eaec6a2048211fefc\patchy-2.2.10.jar
[Architectury Transformer DEBUG]  - C:\Users\flori\.gradle\caches\modules-2\files-2.1\com.mojang\text2speech\1.17.9\3cad216e3a7f0c19b4b394388bc9ffc446f13b14\text2speech-1.17.9.jar
[Architectury Transformer DEBUG]  - C:\Users\flori\.gradle\caches\modules-2\files-2.1\com.nimbusds\content-type\2.3\e3aa0be212d7a42839a8f3f506f5b990bcce0222\content-type-2.3.jar
[Architectury Transformer DEBUG]  - C:\Users\flori\.gradle\caches\modules-2\files-2.1\com.nimbusds\lang-tag\1.7\97c73ecd70bc7e8eefb26c5eea84f251a63f1031\lang-tag-1.7.jar
[Architectury Transformer DEBUG]  - C:\Users\flori\.gradle\caches\modules-2\files-2.1\com.nimbusds\nimbus-jose-jwt\9.40\42b1dfa0360e4062951b070bac52dd8d96fd7b38\nimbus-jose-jwt-9.40.jar
[Architectury Transformer DEBUG]  - C:\Users\flori\.gradle\caches\modules-2\files-2.1\com.nimbusds\oauth2-oidc-sdk\11.18\7c7ec4f4066625ff07a711ad856fa04da1ff9de\oauth2-oidc-sdk-11.18.jar
[Architectury Transformer DEBUG]  - C:\Users\flori\.gradle\caches\modules-2\files-2.1\commons-codec\commons-codec\1.17.1\973638b7149d333563584137ebf13a691bb60579\commons-codec-1.17.1.jar
[Architectury Transformer DEBUG]  - C:\Users\flori\.gradle\caches\modules-2\files-2.1\commons-io\commons-io\2.17.0\ddcc8433eb019fb48fe25207c0278143f3e1d7e2\commons-io-2.17.0.jar
[Architectury Transformer DEBUG]  - C:\Users\flori\.gradle\caches\modules-2\files-2.1\commons-logging\commons-logging\1.3.4\b9fc14968d63a8b8a8a2c1885fe3e90564239708\commons-logging-1.3.4.jar
[Architectury Transformer DEBUG]  - C:\Users\flori\.gradle\caches\modules-2\files-2.1\io.netty\netty-buffer\4.1.115.Final\d5daf1030e5c36d198caf7562da2441a97ec0df6\netty-buffer-4.1.115.Final.jar
[Architectury Transformer DEBUG]  - C:\Users\flori\.gradle\caches\modules-2\files-2.1\io.netty\netty-codec\4.1.115.Final\d326bf3a4c785b272da3db6941779a1bd5448378\netty-codec-4.1.115.Final.jar
[Architectury Transformer DEBUG]  - C:\Users\flori\.gradle\caches\modules-2\files-2.1\io.netty\netty-common\4.1.115.Final\9da10a9f72e3f87e181d91b525174007a6fc4f11\netty-common-4.1.115.Final.jar
[Architectury Transformer DEBUG]  - C:\Users\flori\.gradle\caches\modules-2\files-2.1\io.netty\netty-handler\4.1.115.Final\d54dbf68b9d88a98240107758c6b63da5e46e23a\netty-handler-4.1.115.Final.jar
[Architectury Transformer DEBUG]  - C:\Users\flori\.gradle\caches\modules-2\files-2.1\io.netty\netty-resolver\4.1.115.Final\e33b4d476c03975957f5d8d0319d592bf2bc5e96\netty-resolver-4.1.115.Final.jar
[Architectury Transformer DEBUG]  - C:\Users\flori\.gradle\caches\modules-2\files-2.1\io.netty\netty-transport-classes-epoll\4.1.115.Final\11fea00408ecbd8b8d1f0698d708e37db4a01841\netty-transport-classes-epoll-4.1.115.Final.jar
[Architectury Transformer DEBUG]  - C:\Users\flori\.gradle\caches\modules-2\files-2.1\io.netty\netty-transport-native-unix-common\4.1.115.Final\dc96c67d06cd6b5eb677f2728f27bf2e3d9a7284\netty-transport-native-unix-common-4.1.115.Final.jar
[Architectury Transformer DEBUG]  - C:\Users\flori\.gradle\caches\modules-2\files-2.1\io.netty\netty-transport\4.1.115.Final\39cef77c1a25908ac1abf4960c2e789f0bf70ff9\netty-transport-4.1.115.Final.jar
[Architectury Transformer DEBUG]  - C:\Users\flori\.gradle\caches\modules-2\files-2.1\it.unimi.dsi\fastutil\8.5.15\1e885b40c9563ab0d3899b871fd0b30e958705dc\fastutil-8.5.15.jar
[Architectury Transformer DEBUG]  - C:\Users\flori\.gradle\caches\modules-2\files-2.1\net.java.dev.jna\jna-platform\5.15.0\86b502cad57d45da172b5e3231c537b042e296ef\jna-platform-5.15.0.jar
[Architectury Transformer DEBUG]  - C:\Users\flori\.gradle\caches\modules-2\files-2.1\net.java.dev.jna\jna\5.15.0\1ee1d80ff44f08280188f7c0e740d57207841ac\jna-5.15.0.jar
[Architectury Transformer DEBUG]  - C:\Users\flori\.gradle\caches\modules-2\files-2.1\net.minidev\accessors-smart\2.5.1\19b820261eb2e7de7d5bde11d1c06e4501dd7e5f\accessors-smart-2.5.1.jar
[Architectury Transformer DEBUG]  - C:\Users\flori\.gradle\caches\modules-2\files-2.1\net.minidev\json-smart\2.5.1\4c11d2808d009132dfbbf947ebf37de6bf266c8e\json-smart-2.5.1.jar
[Architectury Transformer DEBUG]  - C:\Users\flori\.gradle\caches\modules-2\files-2.1\net.sf.jopt-simple\jopt-simple\5.0.4\4fdac2fbe92dfad86aa6e9301736f6b4342a3f5c\jopt-simple-5.0.4.jar
[Architectury Transformer DEBUG]  - C:\Users\flori\.gradle\caches\modules-2\files-2.1\org.apache.commons\commons-compress\1.27.1\a19151084758e2fbb6b41eddaa88e7b8ff4e6599\commons-compress-1.27.1.jar
[Architectury Transformer DEBUG]  - C:\Users\flori\.gradle\caches\modules-2\files-2.1\org.apache.commons\commons-lang3\3.17.0\b17d2136f0460dcc0d2016ceefca8723bdf4ee70\commons-lang3-3.17.0.jar
[Architectury Transformer DEBUG]  - C:\Users\flori\.gradle\caches\modules-2\files-2.1\org.apache.httpcomponents\httpclient\4.5.14\1194890e6f56ec29177673f2f12d0b8e627dec98\httpclient-4.5.14.jar
[Architectury Transformer DEBUG]  - C:\Users\flori\.gradle\caches\modules-2\files-2.1\org.apache.httpcomponents\httpcore\4.4.16\51cf043c87253c9f58b539c9f7e44c8894223850\httpcore-4.4.16.jar
[Architectury Transformer DEBUG]  - C:\Users\flori\.gradle\caches\modules-2\files-2.1\org.apache.logging.log4j\log4j-api\2.24.1\7ebeb12c20606373005af4232cd0ecca72613dda\log4j-api-2.24.1.jar
[Architectury Transformer DEBUG]  - C:\Users\flori\.gradle\caches\modules-2\files-2.1\org.apache.logging.log4j\log4j-core\2.24.1\c85285146f28d8c8962384f786e2dff04172fb43\log4j-core-2.24.1.jar
[Architectury Transformer DEBUG]  - C:\Users\flori\.gradle\caches\modules-2\files-2.1\org.apache.logging.log4j\log4j-slf4j2-impl\2.24.1\8e3ddc96464ef7f768823e7e001a52b23de8cd0a\log4j-slf4j2-impl-2.24.1.jar
[Architectury Transformer DEBUG]  - C:\Users\flori\.gradle\caches\modules-2\files-2.1\org.jcraft\jorbis\0.0.17\8872d22b293e8f5d7d56ff92be966e6dc28ebdc6\jorbis-0.0.17.jar
[Architectury Transformer DEBUG]  - C:\Users\flori\.gradle\caches\modules-2\files-2.1\org.joml\joml\1.10.8\fc0a71dad90a2cf41d82a76156a0e700af8e4f8d\joml-1.10.8.jar
[Architectury Transformer DEBUG]  - C:\Users\flori\.gradle\caches\modules-2\files-2.1\org.lwjgl\lwjgl-freetype\3.3.3\a0db6c84a8becc8ca05f9dbfa985edc348a824c7\lwjgl-freetype-3.3.3.jar
[Architectury Transformer DEBUG]  - C:\Users\flori\.gradle\caches\modules-2\files-2.1\org.lwjgl\lwjgl-glfw\3.3.3\efa1eb78c5ccd840e9f329717109b5e892d72f8e\lwjgl-glfw-3.3.3.jar
[Architectury Transformer DEBUG]  - C:\Users\flori\.gradle\caches\modules-2\files-2.1\org.lwjgl\lwjgl-jemalloc\3.3.3\b543467b7ff3c6920539a88ee602d34098628be5\lwjgl-jemalloc-3.3.3.jar
[Architectury Transformer DEBUG]  - C:\Users\flori\.gradle\caches\modules-2\files-2.1\org.lwjgl\lwjgl-openal\3.3.3\daada81ceb5fc0c291fbfdd4433cb8d9423577f2\lwjgl-openal-3.3.3.jar
[Architectury Transformer DEBUG]  - C:\Users\flori\.gradle\caches\modules-2\files-2.1\org.lwjgl\lwjgl-opengl\3.3.3\2f6b0147078396a58979125a4c947664e98293a\lwjgl-opengl-3.3.3.jar
[Architectury Transformer DEBUG]  - C:\Users\flori\.gradle\caches\modules-2\files-2.1\org.lwjgl\lwjgl-stb\3.3.3\25dd6161988d7e65f71d5065c99902402ee32746\lwjgl-stb-3.3.3.jar
[Architectury Transformer DEBUG]  - C:\Users\flori\.gradle\caches\modules-2\files-2.1\org.lwjgl\lwjgl-tinyfd\3.3.3\82d755ca94b102e9ca77283b9e2dc46d1b15fbe5\lwjgl-tinyfd-3.3.3.jar
[Architectury Transformer DEBUG]  - C:\Users\flori\.gradle\caches\modules-2\files-2.1\org.lwjgl\lwjgl\3.3.3\29589b5f87ed335a6c7e7ee6a5775f81f97ecb84\lwjgl-3.3.3.jar
[Architectury Transformer DEBUG]  - C:\Users\flori\.gradle\caches\modules-2\files-2.1\org.lz4\lz4-java\1.8.0\4b986a99445e49ea5fbf5d149c4b63f6ed6c6780\lz4-java-1.8.0.jar
[Architectury Transformer DEBUG]  - C:\Users\flori\.gradle\caches\modules-2\files-2.1\org.slf4j\slf4j-api\2.0.16\172931663a09a1fa515567af5fbef00897d3c04\slf4j-api-2.0.16.jar
[Architectury Transformer DEBUG]  - C:\Users\flori\.gradle\caches\fabric-loom\minecraftMaven\net\minecraft\minecraft-merged\1.21.4-loom.mappings.1_21_4.layered+hash.40545-v2\minecraft-merged-1.21.4-loom.mappings.1_21_4.layered+hash.40545-v2.jar
[Architectury Transformer DEBUG]  - C:\Users\flori\.gradle\caches\modules-2\files-2.1\io.netty\netty-transport-native-epoll\4.1.115.Final\a6cc58c4a259bad159cbb06120cea9b3474e86a0\netty-transport-native-epoll-4.1.115.Final-linux-x86_64.jar
[Architectury Transformer DEBUG]  - C:\Users\flori\.gradle\caches\modules-2\files-2.1\io.netty\netty-transport-native-epoll\4.1.115.Final\a80b32f98ceb4e27958c0ceaf22ddad9ea6c0d4e\netty-transport-native-epoll-4.1.115.Final-linux-aarch_64.jar
[Architectury Transformer DEBUG]  - C:\Users\flori\.gradle\caches\modules-2\files-2.1\com.flowpowered\flow-math\1.0.3\d98020239e5015091ad3be927cef9dea0d61a234\flow-math-1.0.3.jar
[Architectury Transformer DEBUG]  - C:\Users\flori\.gradle\caches\modules-2\files-2.1\com.google.errorprone\error_prone_annotations\2.27.0\91b2c29d8a6148b5e2e4930f070d4840e2e48e34\error_prone_annotations-2.27.0.jar
[Architectury Transformer] Read classpath in 1.490 s
[Architectury Transformer DEBUG] Remapping Classes:
[Architectury Transformer DEBUG] net/fabricmc/api/EnvType -> net/neoforged/api/distmarker/Dist
[Architectury Transformer DEBUG] net/fabricmc/api/Environment -> net/neoforged/api/distmarker/OnlyIn
[Architectury Transformer DEBUG] Found class transformer
[Architectury Transformer DEBUG] Writing fr/florian4600/serverutils/Translatable with maxs=true frames=true
[Architectury Transformer DEBUG] Writing fr/florian4600/compatutils/CompatibilityUtilities with maxs=true frames=true
[Architectury Transformer DEBUG] Writing com/technicjelle/BMUtils with maxs=true frames=true
[Architectury Transformer DEBUG] Writing com/technicjelle/bluemapofflineplayermarkers/Bukkit2ForgeKt with maxs=true frames=true
[Architectury Transformer DEBUG] Writing com/technicjelle/bluemapofflineplayermarkers/ConfigManager$Config$$serializer with maxs=true frames=true
[Architectury Transformer DEBUG] Writing com/technicjelle/bluemapofflineplayermarkers/ConfigManager$BannedPlayer with maxs=true frames=true
[Architectury Transformer DEBUG] Writing com/technicjelle/bluemapofflineplayermarkers/MarkerHandler with maxs=true frames=true
[Architectury Transformer DEBUG] Writing com/technicjelle/bluemapofflineplayermarkers/BlueMapOfflinePlayerMarkers with maxs=true frames=true
[Architectury Transformer DEBUG] Writing com/technicjelle/bluemapofflineplayermarkers/ConfigManager$BannedPlayer$$serializer with maxs=true frames=true
[Architectury Transformer DEBUG] Writing com/technicjelle/bluemapofflineplayermarkers/ConfigManager$Config with maxs=true frames=true
[Architectury Transformer DEBUG] Writing com/technicjelle/bluemapofflineplayermarkers/ConfigManager with maxs=true frames=true
[Architectury Transformer DEBUG] Writing com/technicjelle/bluemapofflineplayermarkers/ConfigManager$Config$GameMode$Companion with maxs=true frames=true
[Architectury Transformer DEBUG] Writing com/technicjelle/bluemapofflineplayermarkers/ConfigManager$Config$Companion with maxs=true frames=true
[Architectury Transformer DEBUG] Writing com/technicjelle/bluemapofflineplayermarkers/ConfigManager$Config$GameMode with maxs=true frames=true
[Architectury Transformer DEBUG] Writing com/technicjelle/bluemapofflineplayermarkers/ConfigManager$BannedPlayer$Companion with maxs=true frames=true
[Architectury Transformer DEBUG] Writing com/technicjelle/bluemapofflineplayermarkers/struct/OfflinePlayer with maxs=true frames=true
[Architectury Transformer DEBUG] Writing com/technicjelle/bluemapofflineplayermarkers/events/OPMEventHandler$Companion with maxs=true frames=true
[Architectury Transformer DEBUG] Writing com/technicjelle/bluemapofflineplayermarkers/events/OPMEventHandler with maxs=true frames=true
[Architectury Transformer DEBUG] Writing com/technicjelle/bluemapofflineplayermarkers/commands/FakeMarkerCommand$Companion with maxs=true frames=true
[Architectury Transformer DEBUG] Writing com/technicjelle/bluemapofflineplayermarkers/commands/DeleteMarkerCommand$Companion with maxs=true frames=true
[Architectury Transformer DEBUG] Writing com/technicjelle/bluemapofflineplayermarkers/commands/DeleteMarkerCommand with maxs=true frames=true
[Architectury Transformer DEBUG] Writing com/technicjelle/bluemapofflineplayermarkers/commands/FakeMarkerCommand with maxs=true frames=true
[Architectury Transformer DEBUG] Closed File Systems for F:\Projects\Games\Moddable\Mc\Programmation\Mods\Cross-Port\BlueMapOfflinePlayerMarkersNeoForge\common\build\libs\bluemapofflineplayermarkers-common-1.4.1-transformProductionNeoForge.jar
[Architectury Transformer] Transformed jar with 5 transformer(s) in 2.305 s
[Architectury Transformer DEBUG] Closed File Systems for F:\Projects\Games\Moddable\Mc\Programmation\Mods\Cross-Port\BlueMapOfflinePlayerMarkersNeoForge\common\build\libs\bluemapofflineplayermarkers-common-1.4.1.jar
[Architectury Transformer DEBUG] 
[Architectury Transformer DEBUG] ============================
[Architectury Transformer DEBUG] Transforming from F:\Projects\Games\Moddable\Mc\Programmation\Mods\Cross-Port\BlueMapOfflinePlayerMarkersNeoForge\common\build\devlibs\bluemapofflineplayermarkers-common-1.4.1-dev.jar to F:\Projects\Games\Moddable\Mc\Programmation\Mods\Cross-Port\BlueMapOfflinePlayerMarkersNeoForge\common\build\libs\bluemapofflineplayermarkers-common-1.4.1-transformProductionNeoForge.jar
[Architectury Transformer DEBUG] ============================
[Architectury Transformer DEBUG] 
[Architectury Transformer DEBUG] Transforming 5 transformer(s) from F:\Projects\Games\Moddable\Mc\Programmation\Mods\Cross-Port\BlueMapOfflinePlayerMarkersNeoForge\common\build\devlibs\bluemapofflineplayermarkers-common-1.4.1-dev.jar to F:\Projects\Games\Moddable\Mc\Programmation\Mods\Cross-Port\BlueMapOfflinePlayerMarkersNeoForge\common\build\libs\bluemapofflineplayermarkers-common-1.4.1-transformProductionNeoForge.jar: 
[Architectury Transformer DEBUG]  - dev.architectury.transformer.transformers.TransformExpectPlatform@6d726a2b
[Architectury Transformer DEBUG]  - dev.architectury.transformer.transformers.RemapInjectables@dd11033
[Architectury Transformer DEBUG]  - dev.architectury.transformer.transformers.TransformPlatformOnly@1c0b8bf3
[Architectury Transformer DEBUG]  - dev.architectury.transformer.transformers.TransformNeoForgeAnnotations@1f8110ad
[Architectury Transformer DEBUG]  - dev.architectury.transformer.transformers.TransformNeoForgeEnvironment@61dc1244
[Architectury Transformer DEBUG] Transforming from F:\Projects\Games\Moddable\Mc\Programmation\Mods\Cross-Port\BlueMapOfflinePlayerMarkersNeoForge\common\build\devlibs\bluemapofflineplayermarkers-common-1.4.1-dev.jar to F:\Projects\Games\Moddable\Mc\Programmation\Mods\Cross-Port\BlueMapOfflinePlayerMarkersNeoForge\common\build\libs\bluemapofflineplayermarkers-common-1.4.1-transformProductionNeoForge.jar with 5 transformer(s) on dev.architectury.transformer.handler.SimpleTransformerHandler
[Architectury Transformer DEBUG] Remapping with 1 mapping provider(s):
[Architectury Transformer DEBUG]  - dev.architectury.transformer.transformers.TransformNeoForgeEnvironment$$Lambda/0x0000020c8227d1c8@433af22d
[Architectury Transformer DEBUG] Provided 77 classpath jar(s):
[Architectury Transformer DEBUG]  - C:\Users\flori\.gradle\caches\modules-2\files-2.1\org.jetbrains.kotlinx\kotlinx-serialization-json-jvm\1.7.3\6701e8c68d9e82387ce72ee96e8ddf058208d58f\kotlinx-serialization-json-jvm-1.7.3.jar
[Architectury Transformer DEBUG]  - C:\Users\flori\.gradle\caches\modules-2\files-2.1\org.jetbrains.kotlinx\kotlinx-serialization-core-jvm\1.7.3\1f226780b845ff9206474c05159245d861556249\kotlinx-serialization-core-jvm-1.7.3.jar
[Architectury Transformer DEBUG]  - C:\Users\flori\.gradle\caches\modules-2\files-2.1\org.jetbrains.kotlin\kotlin-stdlib\2.0.20\7388d355f7cceb002cd387ccb7ab3850e4e0a07f\kotlin-stdlib-2.0.20.jar
[Architectury Transformer DEBUG]  - C:\Users\flori\.gradle\caches\modules-2\files-2.1\dev.architectury\architectury-injectables\1.0.10\62db2a366d662606d1b23ad02ccc3212ed37ec3\architectury-injectables-1.0.10.jar
[Architectury Transformer DEBUG]  - C:\Users\flori\.gradle\caches\modules-2\files-2.1\net.fabricmc\fabric-loader\0.16.10\dbd932c2a3641d2c41cf9abfe47e140a5753fa86\fabric-loader-0.16.10.jar
[Architectury Transformer DEBUG]  - C:\Users\flori\.gradle\caches\modules-2\files-2.1\org.jetbrains\annotations\24.1.0\7af6a669488450c4a07c2c3254e2151df42d7d04\annotations-24.1.0.jar
[Architectury Transformer DEBUG]  - C:\Users\flori\.gradle\caches\modules-2\files-2.1\de.bluecolored\bluemap-api\2.7.3\c4a575033e2bda2f7e9bfc647a45ca5c11fe1feb\bluemap-api-2.7.3.jar
[Architectury Transformer DEBUG]  - C:\Users\flori\.gradle\caches\modules-2\files-2.1\org.ow2.asm\asm\9.7.1\f0ed132a49244b042cd0e15702ab9f2ce3cc8436\asm-9.7.1.jar
[Architectury Transformer DEBUG]  - C:\Users\flori\.gradle\caches\modules-2\files-2.1\org.ow2.asm\asm-analysis\9.7.1\f97a3b319f0ed6a8cd944dc79060d3912a28985f\asm-analysis-9.7.1.jar
[Architectury Transformer DEBUG]  - C:\Users\flori\.gradle\caches\modules-2\files-2.1\org.ow2.asm\asm-commons\9.7.1\406c6a2225cfe1819f102a161e54cc16a5c24f75\asm-commons-9.7.1.jar
[Architectury Transformer DEBUG]  - C:\Users\flori\.gradle\caches\modules-2\files-2.1\org.ow2.asm\asm-tree\9.7.1\3a53139787663b139de76b627fca0084ab60d32c\asm-tree-9.7.1.jar
[Architectury Transformer DEBUG]  - C:\Users\flori\.gradle\caches\modules-2\files-2.1\org.ow2.asm\asm-util\9.7.1\9e23359b598ec6b74b23e53110dd5c577adf2243\asm-util-9.7.1.jar
[Architectury Transformer DEBUG]  - C:\Users\flori\.gradle\caches\modules-2\files-2.1\net.fabricmc\sponge-mixin\0.15.4+mixin.0.8.7\6a12aacc794f1078458433116e9ed42c1cc98096\sponge-mixin-0.15.4+mixin.0.8.7.jar
[Architectury Transformer DEBUG]  - C:\Users\flori\.gradle\caches\modules-2\files-2.1\io.github.llamalad7\mixinextras-fabric\0.4.1\8d1a9e96afb990367fa1f904d17580d164da72e3\mixinextras-fabric-0.4.1.jar
[Architectury Transformer DEBUG]  - C:\Users\flori\.gradle\caches\modules-2\files-2.1\com.fasterxml.jackson.core\jackson-annotations\2.13.4\858c6cc78e1f08a885b1613e1d817c829df70a6e\jackson-annotations-2.13.4.jar
[Architectury Transformer DEBUG]  - C:\Users\flori\.gradle\caches\modules-2\files-2.1\com.fasterxml.jackson.core\jackson-core\2.13.4\cf934c681294b97ef6d80082faeefbe1edadf56\jackson-core-2.13.4.jar
[Architectury Transformer DEBUG]  - C:\Users\flori\.gradle\caches\modules-2\files-2.1\com.fasterxml.jackson.core\jackson-databind\2.13.4.2\325c06bdfeb628cfb80ebaaf1a26cc1eb558a585\jackson-databind-2.13.4.2.jar
[Architectury Transformer DEBUG]  - C:\Users\flori\.gradle\caches\modules-2\files-2.1\com.github.oshi\oshi-core\6.6.5\e1099981fd15dc4236c4499d82aba1276fb43a9a\oshi-core-6.6.5.jar
[Architectury Transformer DEBUG]  - C:\Users\flori\.gradle\caches\modules-2\files-2.1\com.github.stephenc.jcip\jcip-annotations\1.0-1\ef31541dd28ae2cefdd17c7ebf352d93e9058c63\jcip-annotations-1.0-1.jar
[Architectury Transformer DEBUG]  - C:\Users\flori\.gradle\caches\modules-2\files-2.1\com.google.code.gson\gson\2.11.0\527175ca6d81050b53bdd4c457a6d6e017626b0e\gson-2.11.0.jar
[Architectury Transformer DEBUG]  - C:\Users\flori\.gradle\caches\modules-2\files-2.1\com.google.guava\failureaccess\1.0.2\c4a06a64e650562f30b7bf9aaec1bfed43aca12b\failureaccess-1.0.2.jar
[Architectury Transformer DEBUG]  - C:\Users\flori\.gradle\caches\modules-2\files-2.1\com.google.guava\guava\33.3.1-jre\852f8b363da0111e819460021ca693cacca3e8db\guava-33.3.1-jre.jar
[Architectury Transformer DEBUG]  - C:\Users\flori\.gradle\caches\modules-2\files-2.1\com.ibm.icu\icu4j\76.1\215f3a8e936d4069344bd75f2b1368fd58112894\icu4j-76.1.jar
[Architectury Transformer DEBUG]  - C:\Users\flori\.gradle\caches\modules-2\files-2.1\com.microsoft.azure\msal4j\1.17.2\a6211e3d71d0388929babaa0ff0951b30d001852\msal4j-1.17.2.jar
[Architectury Transformer DEBUG]  - C:\Users\flori\.gradle\caches\modules-2\files-2.1\com.mojang\authlib\6.0.57\bded3161a7346de32213da750388ec6529fe4f6b\authlib-6.0.57.jar
[Architectury Transformer DEBUG]  - C:\Users\flori\.gradle\caches\modules-2\files-2.1\com.mojang\blocklist\1.0.10\5c685c5ffa94c4cd39496c7184c1d122e515ecef\blocklist-1.0.10.jar
[Architectury Transformer DEBUG]  - C:\Users\flori\.gradle\caches\modules-2\files-2.1\com.mojang\brigadier\1.3.10\d15b53a14cf20fdcaa98f731af5dda654452c010\brigadier-1.3.10.jar
[Architectury Transformer DEBUG]  - C:\Users\flori\.gradle\caches\modules-2\files-2.1\com.mojang\datafixerupper\8.0.16\67d4de6d7f95d89bcf5862995fb854ebaec02a34\datafixerupper-8.0.16.jar
[Architectury Transformer DEBUG]  - C:\Users\flori\.gradle\caches\modules-2\files-2.1\com.mojang\jtracy\1.0.29\6f07dcb6a2e595c7ee2ca43b67e5d1c018ca0770\jtracy-1.0.29.jar
[Architectury Transformer DEBUG]  - C:\Users\flori\.gradle\caches\modules-2\files-2.1\com.mojang\logging\1.5.10\9ab1202793717af9df9c1704d0a02892067001eb\logging-1.5.10.jar
[Architectury Transformer DEBUG]  - C:\Users\flori\.gradle\caches\modules-2\files-2.1\com.mojang\patchy\2.2.10\da05971b07cbb379d002cf7eaec6a2048211fefc\patchy-2.2.10.jar
[Architectury Transformer DEBUG]  - C:\Users\flori\.gradle\caches\modules-2\files-2.1\com.mojang\text2speech\1.17.9\3cad216e3a7f0c19b4b394388bc9ffc446f13b14\text2speech-1.17.9.jar
[Architectury Transformer DEBUG]  - C:\Users\flori\.gradle\caches\modules-2\files-2.1\com.nimbusds\content-type\2.3\e3aa0be212d7a42839a8f3f506f5b990bcce0222\content-type-2.3.jar
[Architectury Transformer DEBUG]  - C:\Users\flori\.gradle\caches\modules-2\files-2.1\com.nimbusds\lang-tag\1.7\97c73ecd70bc7e8eefb26c5eea84f251a63f1031\lang-tag-1.7.jar
[Architectury Transformer DEBUG]  - C:\Users\flori\.gradle\caches\modules-2\files-2.1\com.nimbusds\nimbus-jose-jwt\9.40\42b1dfa0360e4062951b070bac52dd8d96fd7b38\nimbus-jose-jwt-9.40.jar
[Architectury Transformer DEBUG]  - C:\Users\flori\.gradle\caches\modules-2\files-2.1\com.nimbusds\oauth2-oidc-sdk\11.18\7c7ec4f4066625ff07a711ad856fa04da1ff9de\oauth2-oidc-sdk-11.18.jar
[Architectury Transformer DEBUG]  - C:\Users\flori\.gradle\caches\modules-2\files-2.1\commons-codec\commons-codec\1.17.1\973638b7149d333563584137ebf13a691bb60579\commons-codec-1.17.1.jar
[Architectury Transformer DEBUG]  - C:\Users\flori\.gradle\caches\modules-2\files-2.1\commons-io\commons-io\2.17.0\ddcc8433eb019fb48fe25207c0278143f3e1d7e2\commons-io-2.17.0.jar
[Architectury Transformer DEBUG]  - C:\Users\flori\.gradle\caches\modules-2\files-2.1\commons-logging\commons-logging\1.3.4\b9fc14968d63a8b8a8a2c1885fe3e90564239708\commons-logging-1.3.4.jar
[Architectury Transformer DEBUG]  - C:\Users\flori\.gradle\caches\modules-2\files-2.1\io.netty\netty-buffer\4.1.115.Final\d5daf1030e5c36d198caf7562da2441a97ec0df6\netty-buffer-4.1.115.Final.jar
[Architectury Transformer DEBUG]  - C:\Users\flori\.gradle\caches\modules-2\files-2.1\io.netty\netty-codec\4.1.115.Final\d326bf3a4c785b272da3db6941779a1bd5448378\netty-codec-4.1.115.Final.jar
[Architectury Transformer DEBUG]  - C:\Users\flori\.gradle\caches\modules-2\files-2.1\io.netty\netty-common\4.1.115.Final\9da10a9f72e3f87e181d91b525174007a6fc4f11\netty-common-4.1.115.Final.jar
[Architectury Transformer DEBUG]  - C:\Users\flori\.gradle\caches\modules-2\files-2.1\io.netty\netty-handler\4.1.115.Final\d54dbf68b9d88a98240107758c6b63da5e46e23a\netty-handler-4.1.115.Final.jar
[Architectury Transformer DEBUG]  - C:\Users\flori\.gradle\caches\modules-2\files-2.1\io.netty\netty-resolver\4.1.115.Final\e33b4d476c03975957f5d8d0319d592bf2bc5e96\netty-resolver-4.1.115.Final.jar
[Architectury Transformer DEBUG]  - C:\Users\flori\.gradle\caches\modules-2\files-2.1\io.netty\netty-transport-classes-epoll\4.1.115.Final\11fea00408ecbd8b8d1f0698d708e37db4a01841\netty-transport-classes-epoll-4.1.115.Final.jar
[Architectury Transformer DEBUG]  - C:\Users\flori\.gradle\caches\modules-2\files-2.1\io.netty\netty-transport-native-unix-common\4.1.115.Final\dc96c67d06cd6b5eb677f2728f27bf2e3d9a7284\netty-transport-native-unix-common-4.1.115.Final.jar
[Architectury Transformer DEBUG]  - C:\Users\flori\.gradle\caches\modules-2\files-2.1\io.netty\netty-transport\4.1.115.Final\39cef77c1a25908ac1abf4960c2e789f0bf70ff9\netty-transport-4.1.115.Final.jar
[Architectury Transformer DEBUG]  - C:\Users\flori\.gradle\caches\modules-2\files-2.1\it.unimi.dsi\fastutil\8.5.15\1e885b40c9563ab0d3899b871fd0b30e958705dc\fastutil-8.5.15.jar
[Architectury Transformer DEBUG]  - C:\Users\flori\.gradle\caches\modules-2\files-2.1\net.java.dev.jna\jna-platform\5.15.0\86b502cad57d45da172b5e3231c537b042e296ef\jna-platform-5.15.0.jar
[Architectury Transformer DEBUG]  - C:\Users\flori\.gradle\caches\modules-2\files-2.1\net.java.dev.jna\jna\5.15.0\1ee1d80ff44f08280188f7c0e740d57207841ac\jna-5.15.0.jar
[Architectury Transformer DEBUG]  - C:\Users\flori\.gradle\caches\modules-2\files-2.1\net.minidev\accessors-smart\2.5.1\19b820261eb2e7de7d5bde11d1c06e4501dd7e5f\accessors-smart-2.5.1.jar
[Architectury Transformer DEBUG]  - C:\Users\flori\.gradle\caches\modules-2\files-2.1\net.minidev\json-smart\2.5.1\4c11d2808d009132dfbbf947ebf37de6bf266c8e\json-smart-2.5.1.jar
[Architectury Transformer DEBUG]  - C:\Users\flori\.gradle\caches\modules-2\files-2.1\net.sf.jopt-simple\jopt-simple\5.0.4\4fdac2fbe92dfad86aa6e9301736f6b4342a3f5c\jopt-simple-5.0.4.jar
[Architectury Transformer DEBUG]  - C:\Users\flori\.gradle\caches\modules-2\files-2.1\org.apache.commons\commons-compress\1.27.1\a19151084758e2fbb6b41eddaa88e7b8ff4e6599\commons-compress-1.27.1.jar
[Architectury Transformer DEBUG]  - C:\Users\flori\.gradle\caches\modules-2\files-2.1\org.apache.commons\commons-lang3\3.17.0\b17d2136f0460dcc0d2016ceefca8723bdf4ee70\commons-lang3-3.17.0.jar
[Architectury Transformer DEBUG]  - C:\Users\flori\.gradle\caches\modules-2\files-2.1\org.apache.httpcomponents\httpclient\4.5.14\1194890e6f56ec29177673f2f12d0b8e627dec98\httpclient-4.5.14.jar
[Architectury Transformer DEBUG]  - C:\Users\flori\.gradle\caches\modules-2\files-2.1\org.apache.httpcomponents\httpcore\4.4.16\51cf043c87253c9f58b539c9f7e44c8894223850\httpcore-4.4.16.jar
[Architectury Transformer DEBUG]  - C:\Users\flori\.gradle\caches\modules-2\files-2.1\org.apache.logging.log4j\log4j-api\2.24.1\7ebeb12c20606373005af4232cd0ecca72613dda\log4j-api-2.24.1.jar
[Architectury Transformer DEBUG]  - C:\Users\flori\.gradle\caches\modules-2\files-2.1\org.apache.logging.log4j\log4j-core\2.24.1\c85285146f28d8c8962384f786e2dff04172fb43\log4j-core-2.24.1.jar
[Architectury Transformer DEBUG]  - C:\Users\flori\.gradle\caches\modules-2\files-2.1\org.apache.logging.log4j\log4j-slf4j2-impl\2.24.1\8e3ddc96464ef7f768823e7e001a52b23de8cd0a\log4j-slf4j2-impl-2.24.1.jar
[Architectury Transformer DEBUG]  - C:\Users\flori\.gradle\caches\modules-2\files-2.1\org.jcraft\jorbis\0.0.17\8872d22b293e8f5d7d56ff92be966e6dc28ebdc6\jorbis-0.0.17.jar
[Architectury Transformer DEBUG]  - C:\Users\flori\.gradle\caches\modules-2\files-2.1\org.joml\joml\1.10.8\fc0a71dad90a2cf41d82a76156a0e700af8e4f8d\joml-1.10.8.jar
[Architectury Transformer DEBUG]  - C:\Users\flori\.gradle\caches\modules-2\files-2.1\org.lwjgl\lwjgl-freetype\3.3.3\a0db6c84a8becc8ca05f9dbfa985edc348a824c7\lwjgl-freetype-3.3.3.jar
[Architectury Transformer DEBUG]  - C:\Users\flori\.gradle\caches\modules-2\files-2.1\org.lwjgl\lwjgl-glfw\3.3.3\efa1eb78c5ccd840e9f329717109b5e892d72f8e\lwjgl-glfw-3.3.3.jar
[Architectury Transformer DEBUG]  - C:\Users\flori\.gradle\caches\modules-2\files-2.1\org.lwjgl\lwjgl-jemalloc\3.3.3\b543467b7ff3c6920539a88ee602d34098628be5\lwjgl-jemalloc-3.3.3.jar
[Architectury Transformer DEBUG]  - C:\Users\flori\.gradle\caches\modules-2\files-2.1\org.lwjgl\lwjgl-openal\3.3.3\daada81ceb5fc0c291fbfdd4433cb8d9423577f2\lwjgl-openal-3.3.3.jar
[Architectury Transformer DEBUG]  - C:\Users\flori\.gradle\caches\modules-2\files-2.1\org.lwjgl\lwjgl-opengl\3.3.3\2f6b0147078396a58979125a4c947664e98293a\lwjgl-opengl-3.3.3.jar
[Architectury Transformer DEBUG]  - C:\Users\flori\.gradle\caches\modules-2\files-2.1\org.lwjgl\lwjgl-stb\3.3.3\25dd6161988d7e65f71d5065c99902402ee32746\lwjgl-stb-3.3.3.jar
[Architectury Transformer DEBUG]  - C:\Users\flori\.gradle\caches\modules-2\files-2.1\org.lwjgl\lwjgl-tinyfd\3.3.3\82d755ca94b102e9ca77283b9e2dc46d1b15fbe5\lwjgl-tinyfd-3.3.3.jar
[Architectury Transformer DEBUG]  - C:\Users\flori\.gradle\caches\modules-2\files-2.1\org.lwjgl\lwjgl\3.3.3\29589b5f87ed335a6c7e7ee6a5775f81f97ecb84\lwjgl-3.3.3.jar
[Architectury Transformer DEBUG]  - C:\Users\flori\.gradle\caches\modules-2\files-2.1\org.lz4\lz4-java\1.8.0\4b986a99445e49ea5fbf5d149c4b63f6ed6c6780\lz4-java-1.8.0.jar
[Architectury Transformer DEBUG]  - C:\Users\flori\.gradle\caches\modules-2\files-2.1\org.slf4j\slf4j-api\2.0.16\172931663a09a1fa515567af5fbef00897d3c04\slf4j-api-2.0.16.jar
[Architectury Transformer DEBUG]  - C:\Users\flori\.gradle\caches\fabric-loom\minecraftMaven\net\minecraft\minecraft-merged\1.21.4-loom.mappings.1_21_4.layered+hash.40545-v2\minecraft-merged-1.21.4-loom.mappings.1_21_4.layered+hash.40545-v2.jar
[Architectury Transformer DEBUG]  - C:\Users\flori\.gradle\caches\modules-2\files-2.1\io.netty\netty-transport-native-epoll\4.1.115.Final\a6cc58c4a259bad159cbb06120cea9b3474e86a0\netty-transport-native-epoll-4.1.115.Final-linux-x86_64.jar
[Architectury Transformer DEBUG]  - C:\Users\flori\.gradle\caches\modules-2\files-2.1\io.netty\netty-transport-native-epoll\4.1.115.Final\a80b32f98ceb4e27958c0ceaf22ddad9ea6c0d4e\netty-transport-native-epoll-4.1.115.Final-linux-aarch_64.jar
[Architectury Transformer DEBUG]  - C:\Users\flori\.gradle\caches\modules-2\files-2.1\com.flowpowered\flow-math\1.0.3\d98020239e5015091ad3be927cef9dea0d61a234\flow-math-1.0.3.jar
[Architectury Transformer DEBUG]  - C:\Users\flori\.gradle\caches\modules-2\files-2.1\com.google.errorprone\error_prone_annotations\2.27.0\91b2c29d8a6148b5e2e4930f070d4840e2e48e34\error_prone_annotations-2.27.0.jar
[Architectury Transformer] Read classpath in 1.629 s
[Architectury Transformer DEBUG] Remapping Classes:
[Architectury Transformer DEBUG] net/fabricmc/api/EnvType -> net/neoforged/api/distmarker/Dist
[Architectury Transformer DEBUG] net/fabricmc/api/Environment -> net/neoforged/api/distmarker/OnlyIn
[Architectury Transformer DEBUG] Found class transformer
[Architectury Transformer DEBUG] Writing fr/florian4600/serverutils/Translatable with maxs=true frames=true
[Architectury Transformer DEBUG] Writing fr/florian4600/compatutils/CompatibilityUtilities with maxs=true frames=true
[Architectury Transformer DEBUG] Writing com/technicjelle/BMUtils with maxs=true frames=true
[Architectury Transformer DEBUG] Writing com/technicjelle/bluemapofflineplayermarkers/Bukkit2ForgeKt with maxs=true frames=true
[Architectury Transformer DEBUG] Writing com/technicjelle/bluemapofflineplayermarkers/ConfigManager$Config$$serializer with maxs=true frames=true
[Architectury Transformer DEBUG] Writing com/technicjelle/bluemapofflineplayermarkers/MarkerHandler with maxs=true frames=true
[Architectury Transformer DEBUG] Writing com/technicjelle/bluemapofflineplayermarkers/ConfigManager$BannedPlayer$$serializer with maxs=true frames=true
[Architectury Transformer DEBUG] Writing com/technicjelle/bluemapofflineplayermarkers/ConfigManager$BannedPlayer with maxs=true frames=true
[Architectury Transformer DEBUG] Writing com/technicjelle/bluemapofflineplayermarkers/BlueMapOfflinePlayerMarkers with maxs=true frames=true
[Architectury Transformer DEBUG] Writing com/technicjelle/bluemapofflineplayermarkers/ConfigManager$Config with maxs=true frames=true
[Architectury Transformer DEBUG] Writing com/technicjelle/bluemapofflineplayermarkers/ConfigManager with maxs=true frames=true
[Architectury Transformer DEBUG] Writing com/technicjelle/bluemapofflineplayermarkers/ConfigManager$Config$GameMode$Companion with maxs=true frames=true
[Architectury Transformer DEBUG] Writing com/technicjelle/bluemapofflineplayermarkers/ConfigManager$Config$GameMode with maxs=true frames=true
[Architectury Transformer DEBUG] Writing com/technicjelle/bluemapofflineplayermarkers/ConfigManager$Config$Companion with maxs=true frames=true
[Architectury Transformer DEBUG] Writing com/technicjelle/bluemapofflineplayermarkers/ConfigManager$BannedPlayer$Companion with maxs=true frames=true
[Architectury Transformer DEBUG] Writing com/technicjelle/bluemapofflineplayermarkers/struct/OfflinePlayer with maxs=true frames=true
[Architectury Transformer DEBUG] Writing com/technicjelle/bluemapofflineplayermarkers/events/OPMEventHandler$Companion with maxs=true frames=true
[Architectury Transformer DEBUG] Writing com/technicjelle/bluemapofflineplayermarkers/events/OPMEventHandler with maxs=true frames=true
[Architectury Transformer DEBUG] Writing com/technicjelle/bluemapofflineplayermarkers/commands/FakeMarkerCommand$Companion with maxs=true frames=true
[Architectury Transformer DEBUG] Writing com/technicjelle/bluemapofflineplayermarkers/commands/DeleteMarkerCommand$Companion with maxs=true frames=true
[Architectury Transformer DEBUG] Writing com/technicjelle/bluemapofflineplayermarkers/commands/DeleteMarkerCommand with maxs=true frames=true
[Architectury Transformer DEBUG] Writing com/technicjelle/bluemapofflineplayermarkers/commands/FakeMarkerCommand with maxs=true frames=true
[Architectury Transformer DEBUG] Closed File Systems for F:\Projects\Games\Moddable\Mc\Programmation\Mods\Cross-Port\BlueMapOfflinePlayerMarkersNeoForge\common\build\libs\bluemapofflineplayermarkers-common-1.4.1-transformProductionNeoForge.jar
[Architectury Transformer] Transformed jar with 5 transformer(s) in 2.311 s
[Architectury Transformer DEBUG] Closed File Systems for F:\Projects\Games\Moddable\Mc\Programmation\Mods\Cross-Port\BlueMapOfflinePlayerMarkersNeoForge\common\build\libs\bluemapofflineplayermarkers-common-1.4.1.jar
[Architectury Transformer DEBUG] 
[Architectury Transformer DEBUG] ============================
[Architectury Transformer DEBUG] Transforming from F:\Projects\Games\Moddable\Mc\Programmation\Mods\Cross-Port\BlueMapOfflinePlayerMarkersNeoForge\common\build\devlibs\bluemapofflineplayermarkers-common-1.4.1-dev.jar to F:\Projects\Games\Moddable\Mc\Programmation\Mods\Cross-Port\BlueMapOfflinePlayerMarkersNeoForge\common\build\libs\bluemapofflineplayermarkers-common-1.4.1-transformProductionNeoForge.jar
[Architectury Transformer DEBUG] ============================
[Architectury Transformer DEBUG] 
[Architectury Transformer DEBUG] Transforming 5 transformer(s) from F:\Projects\Games\Moddable\Mc\Programmation\Mods\Cross-Port\BlueMapOfflinePlayerMarkersNeoForge\common\build\devlibs\bluemapofflineplayermarkers-common-1.4.1-dev.jar to F:\Projects\Games\Moddable\Mc\Programmation\Mods\Cross-Port\BlueMapOfflinePlayerMarkersNeoForge\common\build\libs\bluemapofflineplayermarkers-common-1.4.1-transformProductionNeoForge.jar: 
[Architectury Transformer DEBUG]  - dev.architectury.transformer.transformers.TransformExpectPlatform@2742af96
[Architectury Transformer DEBUG]  - dev.architectury.transformer.transformers.RemapInjectables@dc307b
[Architectury Transformer DEBUG]  - dev.architectury.transformer.transformers.TransformPlatformOnly@36f51885
[Architectury Transformer DEBUG]  - dev.architectury.transformer.transformers.TransformNeoForgeAnnotations@731b4051
[Architectury Transformer DEBUG]  - dev.architectury.transformer.transformers.TransformNeoForgeEnvironment@41977fbb
[Architectury Transformer DEBUG] Transforming from F:\Projects\Games\Moddable\Mc\Programmation\Mods\Cross-Port\BlueMapOfflinePlayerMarkersNeoForge\common\build\devlibs\bluemapofflineplayermarkers-common-1.4.1-dev.jar to F:\Projects\Games\Moddable\Mc\Programmation\Mods\Cross-Port\BlueMapOfflinePlayerMarkersNeoForge\common\build\libs\bluemapofflineplayermarkers-common-1.4.1-transformProductionNeoForge.jar with 5 transformer(s) on dev.architectury.transformer.handler.SimpleTransformerHandler
[Architectury Transformer DEBUG] Remapping with 1 mapping provider(s):
[Architectury Transformer DEBUG]  - dev.architectury.transformer.transformers.TransformNeoForgeEnvironment$$Lambda/0x0000020c8227d1c8@433af22d
[Architectury Transformer DEBUG] Provided 77 classpath jar(s):
[Architectury Transformer DEBUG]  - C:\Users\flori\.gradle\caches\modules-2\files-2.1\org.jetbrains.kotlinx\kotlinx-serialization-json-jvm\1.7.3\6701e8c68d9e82387ce72ee96e8ddf058208d58f\kotlinx-serialization-json-jvm-1.7.3.jar
[Architectury Transformer DEBUG]  - C:\Users\flori\.gradle\caches\modules-2\files-2.1\org.jetbrains.kotlinx\kotlinx-serialization-core-jvm\1.7.3\1f226780b845ff9206474c05159245d861556249\kotlinx-serialization-core-jvm-1.7.3.jar
[Architectury Transformer DEBUG]  - C:\Users\flori\.gradle\caches\modules-2\files-2.1\org.jetbrains.kotlin\kotlin-stdlib\2.0.20\7388d355f7cceb002cd387ccb7ab3850e4e0a07f\kotlin-stdlib-2.0.20.jar
[Architectury Transformer DEBUG]  - C:\Users\flori\.gradle\caches\modules-2\files-2.1\dev.architectury\architectury-injectables\1.0.10\62db2a366d662606d1b23ad02ccc3212ed37ec3\architectury-injectables-1.0.10.jar
[Architectury Transformer DEBUG]  - C:\Users\flori\.gradle\caches\modules-2\files-2.1\net.fabricmc\fabric-loader\0.16.10\dbd932c2a3641d2c41cf9abfe47e140a5753fa86\fabric-loader-0.16.10.jar
[Architectury Transformer DEBUG]  - C:\Users\flori\.gradle\caches\modules-2\files-2.1\org.jetbrains\annotations\24.1.0\7af6a669488450c4a07c2c3254e2151df42d7d04\annotations-24.1.0.jar
[Architectury Transformer DEBUG]  - C:\Users\flori\.gradle\caches\modules-2\files-2.1\de.bluecolored\bluemap-api\2.7.3\c4a575033e2bda2f7e9bfc647a45ca5c11fe1feb\bluemap-api-2.7.3.jar
[Architectury Transformer DEBUG]  - C:\Users\flori\.gradle\caches\modules-2\files-2.1\org.ow2.asm\asm\9.7.1\f0ed132a49244b042cd0e15702ab9f2ce3cc8436\asm-9.7.1.jar
[Architectury Transformer DEBUG]  - C:\Users\flori\.gradle\caches\modules-2\files-2.1\org.ow2.asm\asm-analysis\9.7.1\f97a3b319f0ed6a8cd944dc79060d3912a28985f\asm-analysis-9.7.1.jar
[Architectury Transformer DEBUG]  - C:\Users\flori\.gradle\caches\modules-2\files-2.1\org.ow2.asm\asm-commons\9.7.1\406c6a2225cfe1819f102a161e54cc16a5c24f75\asm-commons-9.7.1.jar
[Architectury Transformer DEBUG]  - C:\Users\flori\.gradle\caches\modules-2\files-2.1\org.ow2.asm\asm-tree\9.7.1\3a53139787663b139de76b627fca0084ab60d32c\asm-tree-9.7.1.jar
[Architectury Transformer DEBUG]  - C:\Users\flori\.gradle\caches\modules-2\files-2.1\org.ow2.asm\asm-util\9.7.1\9e23359b598ec6b74b23e53110dd5c577adf2243\asm-util-9.7.1.jar
[Architectury Transformer DEBUG]  - C:\Users\flori\.gradle\caches\modules-2\files-2.1\net.fabricmc\sponge-mixin\0.15.4+mixin.0.8.7\6a12aacc794f1078458433116e9ed42c1cc98096\sponge-mixin-0.15.4+mixin.0.8.7.jar
[Architectury Transformer DEBUG]  - C:\Users\flori\.gradle\caches\modules-2\files-2.1\io.github.llamalad7\mixinextras-fabric\0.4.1\8d1a9e96afb990367fa1f904d17580d164da72e3\mixinextras-fabric-0.4.1.jar
[Architectury Transformer DEBUG]  - C:\Users\flori\.gradle\caches\modules-2\files-2.1\com.fasterxml.jackson.core\jackson-annotations\2.13.4\858c6cc78e1f08a885b1613e1d817c829df70a6e\jackson-annotations-2.13.4.jar
[Architectury Transformer DEBUG]  - C:\Users\flori\.gradle\caches\modules-2\files-2.1\com.fasterxml.jackson.core\jackson-core\2.13.4\cf934c681294b97ef6d80082faeefbe1edadf56\jackson-core-2.13.4.jar
[Architectury Transformer DEBUG]  - C:\Users\flori\.gradle\caches\modules-2\files-2.1\com.fasterxml.jackson.core\jackson-databind\2.13.4.2\325c06bdfeb628cfb80ebaaf1a26cc1eb558a585\jackson-databind-2.13.4.2.jar
[Architectury Transformer DEBUG]  - C:\Users\flori\.gradle\caches\modules-2\files-2.1\com.github.oshi\oshi-core\6.6.5\e1099981fd15dc4236c4499d82aba1276fb43a9a\oshi-core-6.6.5.jar
[Architectury Transformer DEBUG]  - C:\Users\flori\.gradle\caches\modules-2\files-2.1\com.github.stephenc.jcip\jcip-annotations\1.0-1\ef31541dd28ae2cefdd17c7ebf352d93e9058c63\jcip-annotations-1.0-1.jar
[Architectury Transformer DEBUG]  - C:\Users\flori\.gradle\caches\modules-2\files-2.1\com.google.code.gson\gson\2.11.0\527175ca6d81050b53bdd4c457a6d6e017626b0e\gson-2.11.0.jar
[Architectury Transformer DEBUG]  - C:\Users\flori\.gradle\caches\modules-2\files-2.1\com.google.guava\failureaccess\1.0.2\c4a06a64e650562f30b7bf9aaec1bfed43aca12b\failureaccess-1.0.2.jar
[Architectury Transformer DEBUG]  - C:\Users\flori\.gradle\caches\modules-2\files-2.1\com.google.guava\guava\33.3.1-jre\852f8b363da0111e819460021ca693cacca3e8db\guava-33.3.1-jre.jar
[Architectury Transformer DEBUG]  - C:\Users\flori\.gradle\caches\modules-2\files-2.1\com.ibm.icu\icu4j\76.1\215f3a8e936d4069344bd75f2b1368fd58112894\icu4j-76.1.jar
[Architectury Transformer DEBUG]  - C:\Users\flori\.gradle\caches\modules-2\files-2.1\com.microsoft.azure\msal4j\1.17.2\a6211e3d71d0388929babaa0ff0951b30d001852\msal4j-1.17.2.jar
[Architectury Transformer DEBUG]  - C:\Users\flori\.gradle\caches\modules-2\files-2.1\com.mojang\authlib\6.0.57\bded3161a7346de32213da750388ec6529fe4f6b\authlib-6.0.57.jar
[Architectury Transformer DEBUG]  - C:\Users\flori\.gradle\caches\modules-2\files-2.1\com.mojang\blocklist\1.0.10\5c685c5ffa94c4cd39496c7184c1d122e515ecef\blocklist-1.0.10.jar
[Architectury Transformer DEBUG]  - C:\Users\flori\.gradle\caches\modules-2\files-2.1\com.mojang\brigadier\1.3.10\d15b53a14cf20fdcaa98f731af5dda654452c010\brigadier-1.3.10.jar
[Architectury Transformer DEBUG]  - C:\Users\flori\.gradle\caches\modules-2\files-2.1\com.mojang\datafixerupper\8.0.16\67d4de6d7f95d89bcf5862995fb854ebaec02a34\datafixerupper-8.0.16.jar
[Architectury Transformer DEBUG]  - C:\Users\flori\.gradle\caches\modules-2\files-2.1\com.mojang\jtracy\1.0.29\6f07dcb6a2e595c7ee2ca43b67e5d1c018ca0770\jtracy-1.0.29.jar
[Architectury Transformer DEBUG]  - C:\Users\flori\.gradle\caches\modules-2\files-2.1\com.mojang\logging\1.5.10\9ab1202793717af9df9c1704d0a02892067001eb\logging-1.5.10.jar
[Architectury Transformer DEBUG]  - C:\Users\flori\.gradle\caches\modules-2\files-2.1\com.mojang\patchy\2.2.10\da05971b07cbb379d002cf7eaec6a2048211fefc\patchy-2.2.10.jar
[Architectury Transformer DEBUG]  - C:\Users\flori\.gradle\caches\modules-2\files-2.1\com.mojang\text2speech\1.17.9\3cad216e3a7f0c19b4b394388bc9ffc446f13b14\text2speech-1.17.9.jar
[Architectury Transformer DEBUG]  - C:\Users\flori\.gradle\caches\modules-2\files-2.1\com.nimbusds\content-type\2.3\e3aa0be212d7a42839a8f3f506f5b990bcce0222\content-type-2.3.jar
[Architectury Transformer DEBUG]  - C:\Users\flori\.gradle\caches\modules-2\files-2.1\com.nimbusds\lang-tag\1.7\97c73ecd70bc7e8eefb26c5eea84f251a63f1031\lang-tag-1.7.jar
[Architectury Transformer DEBUG]  - C:\Users\flori\.gradle\caches\modules-2\files-2.1\com.nimbusds\nimbus-jose-jwt\9.40\42b1dfa0360e4062951b070bac52dd8d96fd7b38\nimbus-jose-jwt-9.40.jar
[Architectury Transformer DEBUG]  - C:\Users\flori\.gradle\caches\modules-2\files-2.1\com.nimbusds\oauth2-oidc-sdk\11.18\7c7ec4f4066625ff07a711ad856fa04da1ff9de\oauth2-oidc-sdk-11.18.jar
[Architectury Transformer DEBUG]  - C:\Users\flori\.gradle\caches\modules-2\files-2.1\commons-codec\commons-codec\1.17.1\973638b7149d333563584137ebf13a691bb60579\commons-codec-1.17.1.jar
[Architectury Transformer DEBUG]  - C:\Users\flori\.gradle\caches\modules-2\files-2.1\commons-io\commons-io\2.17.0\ddcc8433eb019fb48fe25207c0278143f3e1d7e2\commons-io-2.17.0.jar
[Architectury Transformer DEBUG]  - C:\Users\flori\.gradle\caches\modules-2\files-2.1\commons-logging\commons-logging\1.3.4\b9fc14968d63a8b8a8a2c1885fe3e90564239708\commons-logging-1.3.4.jar
[Architectury Transformer DEBUG]  - C:\Users\flori\.gradle\caches\modules-2\files-2.1\io.netty\netty-buffer\4.1.115.Final\d5daf1030e5c36d198caf7562da2441a97ec0df6\netty-buffer-4.1.115.Final.jar
[Architectury Transformer DEBUG]  - C:\Users\flori\.gradle\caches\modules-2\files-2.1\io.netty\netty-codec\4.1.115.Final\d326bf3a4c785b272da3db6941779a1bd5448378\netty-codec-4.1.115.Final.jar
[Architectury Transformer DEBUG]  - C:\Users\flori\.gradle\caches\modules-2\files-2.1\io.netty\netty-common\4.1.115.Final\9da10a9f72e3f87e181d91b525174007a6fc4f11\netty-common-4.1.115.Final.jar
[Architectury Transformer DEBUG]  - C:\Users\flori\.gradle\caches\modules-2\files-2.1\io.netty\netty-handler\4.1.115.Final\d54dbf68b9d88a98240107758c6b63da5e46e23a\netty-handler-4.1.115.Final.jar
[Architectury Transformer DEBUG]  - C:\Users\flori\.gradle\caches\modules-2\files-2.1\io.netty\netty-resolver\4.1.115.Final\e33b4d476c03975957f5d8d0319d592bf2bc5e96\netty-resolver-4.1.115.Final.jar
[Architectury Transformer DEBUG]  - C:\Users\flori\.gradle\caches\modules-2\files-2.1\io.netty\netty-transport-classes-epoll\4.1.115.Final\11fea00408ecbd8b8d1f0698d708e37db4a01841\netty-transport-classes-epoll-4.1.115.Final.jar
[Architectury Transformer DEBUG]  - C:\Users\flori\.gradle\caches\modules-2\files-2.1\io.netty\netty-transport-native-unix-common\4.1.115.Final\dc96c67d06cd6b5eb677f2728f27bf2e3d9a7284\netty-transport-native-unix-common-4.1.115.Final.jar
[Architectury Transformer DEBUG]  - C:\Users\flori\.gradle\caches\modules-2\files-2.1\io.netty\netty-transport\4.1.115.Final\39cef77c1a25908ac1abf4960c2e789f0bf70ff9\netty-transport-4.1.115.Final.jar
[Architectury Transformer DEBUG]  - C:\Users\flori\.gradle\caches\modules-2\files-2.1\it.unimi.dsi\fastutil\8.5.15\1e885b40c9563ab0d3899b871fd0b30e958705dc\fastutil-8.5.15.jar
[Architectury Transformer DEBUG]  - C:\Users\flori\.gradle\caches\modules-2\files-2.1\net.java.dev.jna\jna-platform\5.15.0\86b502cad57d45da172b5e3231c537b042e296ef\jna-platform-5.15.0.jar
[Architectury Transformer DEBUG]  - C:\Users\flori\.gradle\caches\modules-2\files-2.1\net.java.dev.jna\jna\5.15.0\1ee1d80ff44f08280188f7c0e740d57207841ac\jna-5.15.0.jar
[Architectury Transformer DEBUG]  - C:\Users\flori\.gradle\caches\modules-2\files-2.1\net.minidev\accessors-smart\2.5.1\19b820261eb2e7de7d5bde11d1c06e4501dd7e5f\accessors-smart-2.5.1.jar
[Architectury Transformer DEBUG]  - C:\Users\flori\.gradle\caches\modules-2\files-2.1\net.minidev\json-smart\2.5.1\4c11d2808d009132dfbbf947ebf37de6bf266c8e\json-smart-2.5.1.jar
[Architectury Transformer DEBUG]  - C:\Users\flori\.gradle\caches\modules-2\files-2.1\net.sf.jopt-simple\jopt-simple\5.0.4\4fdac2fbe92dfad86aa6e9301736f6b4342a3f5c\jopt-simple-5.0.4.jar
[Architectury Transformer DEBUG]  - C:\Users\flori\.gradle\caches\modules-2\files-2.1\org.apache.commons\commons-compress\1.27.1\a19151084758e2fbb6b41eddaa88e7b8ff4e6599\commons-compress-1.27.1.jar
[Architectury Transformer DEBUG]  - C:\Users\flori\.gradle\caches\modules-2\files-2.1\org.apache.commons\commons-lang3\3.17.0\b17d2136f0460dcc0d2016ceefca8723bdf4ee70\commons-lang3-3.17.0.jar
[Architectury Transformer DEBUG]  - C:\Users\flori\.gradle\caches\modules-2\files-2.1\org.apache.httpcomponents\httpclient\4.5.14\1194890e6f56ec29177673f2f12d0b8e627dec98\httpclient-4.5.14.jar
[Architectury Transformer DEBUG]  - C:\Users\flori\.gradle\caches\modules-2\files-2.1\org.apache.httpcomponents\httpcore\4.4.16\51cf043c87253c9f58b539c9f7e44c8894223850\httpcore-4.4.16.jar
[Architectury Transformer DEBUG]  - C:\Users\flori\.gradle\caches\modules-2\files-2.1\org.apache.logging.log4j\log4j-api\2.24.1\7ebeb12c20606373005af4232cd0ecca72613dda\log4j-api-2.24.1.jar
[Architectury Transformer DEBUG]  - C:\Users\flori\.gradle\caches\modules-2\files-2.1\org.apache.logging.log4j\log4j-core\2.24.1\c85285146f28d8c8962384f786e2dff04172fb43\log4j-core-2.24.1.jar
[Architectury Transformer DEBUG]  - C:\Users\flori\.gradle\caches\modules-2\files-2.1\org.apache.logging.log4j\log4j-slf4j2-impl\2.24.1\8e3ddc96464ef7f768823e7e001a52b23de8cd0a\log4j-slf4j2-impl-2.24.1.jar
[Architectury Transformer DEBUG]  - C:\Users\flori\.gradle\caches\modules-2\files-2.1\org.jcraft\jorbis\0.0.17\8872d22b293e8f5d7d56ff92be966e6dc28ebdc6\jorbis-0.0.17.jar
[Architectury Transformer DEBUG]  - C:\Users\flori\.gradle\caches\modules-2\files-2.1\org.joml\joml\1.10.8\fc0a71dad90a2cf41d82a76156a0e700af8e4f8d\joml-1.10.8.jar
[Architectury Transformer DEBUG]  - C:\Users\flori\.gradle\caches\modules-2\files-2.1\org.lwjgl\lwjgl-freetype\3.3.3\a0db6c84a8becc8ca05f9dbfa985edc348a824c7\lwjgl-freetype-3.3.3.jar
[Architectury Transformer DEBUG]  - C:\Users\flori\.gradle\caches\modules-2\files-2.1\org.lwjgl\lwjgl-glfw\3.3.3\efa1eb78c5ccd840e9f329717109b5e892d72f8e\lwjgl-glfw-3.3.3.jar
[Architectury Transformer DEBUG]  - C:\Users\flori\.gradle\caches\modules-2\files-2.1\org.lwjgl\lwjgl-jemalloc\3.3.3\b543467b7ff3c6920539a88ee602d34098628be5\lwjgl-jemalloc-3.3.3.jar
[Architectury Transformer DEBUG]  - C:\Users\flori\.gradle\caches\modules-2\files-2.1\org.lwjgl\lwjgl-openal\3.3.3\daada81ceb5fc0c291fbfdd4433cb8d9423577f2\lwjgl-openal-3.3.3.jar
[Architectury Transformer DEBUG]  - C:\Users\flori\.gradle\caches\modules-2\files-2.1\org.lwjgl\lwjgl-opengl\3.3.3\2f6b0147078396a58979125a4c947664e98293a\lwjgl-opengl-3.3.3.jar
[Architectury Transformer DEBUG]  - C:\Users\flori\.gradle\caches\modules-2\files-2.1\org.lwjgl\lwjgl-stb\3.3.3\25dd6161988d7e65f71d5065c99902402ee32746\lwjgl-stb-3.3.3.jar
[Architectury Transformer DEBUG]  - C:\Users\flori\.gradle\caches\modules-2\files-2.1\org.lwjgl\lwjgl-tinyfd\3.3.3\82d755ca94b102e9ca77283b9e2dc46d1b15fbe5\lwjgl-tinyfd-3.3.3.jar
[Architectury Transformer DEBUG]  - C:\Users\flori\.gradle\caches\modules-2\files-2.1\org.lwjgl\lwjgl\3.3.3\29589b5f87ed335a6c7e7ee6a5775f81f97ecb84\lwjgl-3.3.3.jar
[Architectury Transformer DEBUG]  - C:\Users\flori\.gradle\caches\modules-2\files-2.1\org.lz4\lz4-java\1.8.0\4b986a99445e49ea5fbf5d149c4b63f6ed6c6780\lz4-java-1.8.0.jar
[Architectury Transformer DEBUG]  - C:\Users\flori\.gradle\caches\modules-2\files-2.1\org.slf4j\slf4j-api\2.0.16\172931663a09a1fa515567af5fbef00897d3c04\slf4j-api-2.0.16.jar
[Architectury Transformer DEBUG]  - C:\Users\flori\.gradle\caches\fabric-loom\minecraftMaven\net\minecraft\minecraft-merged\1.21.4-loom.mappings.1_21_4.layered+hash.40545-v2\minecraft-merged-1.21.4-loom.mappings.1_21_4.layered+hash.40545-v2.jar
[Architectury Transformer DEBUG]  - C:\Users\flori\.gradle\caches\modules-2\files-2.1\io.netty\netty-transport-native-epoll\4.1.115.Final\a6cc58c4a259bad159cbb06120cea9b3474e86a0\netty-transport-native-epoll-4.1.115.Final-linux-x86_64.jar
[Architectury Transformer DEBUG]  - C:\Users\flori\.gradle\caches\modules-2\files-2.1\io.netty\netty-transport-native-epoll\4.1.115.Final\a80b32f98ceb4e27958c0ceaf22ddad9ea6c0d4e\netty-transport-native-epoll-4.1.115.Final-linux-aarch_64.jar
[Architectury Transformer DEBUG]  - C:\Users\flori\.gradle\caches\modules-2\files-2.1\com.flowpowered\flow-math\1.0.3\d98020239e5015091ad3be927cef9dea0d61a234\flow-math-1.0.3.jar
[Architectury Transformer DEBUG]  - C:\Users\flori\.gradle\caches\modules-2\files-2.1\com.google.errorprone\error_prone_annotations\2.27.0\91b2c29d8a6148b5e2e4930f070d4840e2e48e34\error_prone_annotations-2.27.0.jar
[Architectury Transformer] Read classpath in 2.343 s
[Architectury Transformer DEBUG] Remapping Classes:
[Architectury Transformer DEBUG] net/fabricmc/api/EnvType -> net/neoforged/api/distmarker/Dist
[Architectury Transformer DEBUG] net/fabricmc/api/Environment -> net/neoforged/api/distmarker/OnlyIn
[Architectury Transformer DEBUG] Found class transformer
[Architectury Transformer DEBUG] Writing fr/florian4600/serverutils/Translatable with maxs=true frames=true
[Architectury Transformer DEBUG] Writing fr/florian4600/compatutils/CompatibilityUtilities with maxs=true frames=true
[Architectury Transformer DEBUG] Writing com/technicjelle/BMUtils with maxs=true frames=true
[Architectury Transformer DEBUG] Writing com/technicjelle/bluemapofflineplayermarkers/Bukkit2ForgeKt with maxs=true frames=true
[Architectury Transformer DEBUG] Writing com/technicjelle/bluemapofflineplayermarkers/MarkerHandler with maxs=true frames=true
[Architectury Transformer DEBUG] Writing com/technicjelle/bluemapofflineplayermarkers/ConfigManager$Config$$serializer with maxs=true frames=true
[Architectury Transformer DEBUG] Writing com/technicjelle/bluemapofflineplayermarkers/ConfigManager$BannedPlayer with maxs=true frames=true
[Architectury Transformer DEBUG] Writing com/technicjelle/bluemapofflineplayermarkers/ConfigManager$BannedPlayer$$serializer with maxs=true frames=true
[Architectury Transformer DEBUG] Writing com/technicjelle/bluemapofflineplayermarkers/ConfigManager$Config with maxs=true frames=true
[Architectury Transformer DEBUG] Writing com/technicjelle/bluemapofflineplayermarkers/BlueMapOfflinePlayerMarkers with maxs=true frames=true
[Architectury Transformer DEBUG] Writing com/technicjelle/bluemapofflineplayermarkers/ConfigManager with maxs=true frames=true
[Architectury Transformer DEBUG] Writing com/technicjelle/bluemapofflineplayermarkers/ConfigManager$Config$GameMode$Companion with maxs=true frames=true
[Architectury Transformer DEBUG] Writing com/technicjelle/bluemapofflineplayermarkers/ConfigManager$Config$GameMode with maxs=true frames=true
[Architectury Transformer DEBUG] Writing com/technicjelle/bluemapofflineplayermarkers/ConfigManager$Config$Companion with maxs=true frames=true
[Architectury Transformer DEBUG] Writing com/technicjelle/bluemapofflineplayermarkers/ConfigManager$BannedPlayer$Companion with maxs=true frames=true
[Architectury Transformer DEBUG] Writing com/technicjelle/bluemapofflineplayermarkers/struct/OfflinePlayer with maxs=true frames=true
[Architectury Transformer DEBUG] Writing com/technicjelle/bluemapofflineplayermarkers/events/OPMEventHandler$Companion with maxs=true frames=true
[Architectury Transformer DEBUG] Writing com/technicjelle/bluemapofflineplayermarkers/events/OPMEventHandler with maxs=true frames=true
[Architectury Transformer DEBUG] Writing com/technicjelle/bluemapofflineplayermarkers/commands/DeleteMarkerCommand$Companion with maxs=true frames=true
[Architectury Transformer DEBUG] Writing com/technicjelle/bluemapofflineplayermarkers/commands/FakeMarkerCommand$Companion with maxs=true frames=true
[Architectury Transformer DEBUG] Writing com/technicjelle/bluemapofflineplayermarkers/commands/DeleteMarkerCommand with maxs=true frames=true
[Architectury Transformer DEBUG] Writing com/technicjelle/bluemapofflineplayermarkers/commands/FakeMarkerCommand with maxs=true frames=true
[Architectury Transformer DEBUG] Closed File Systems for F:\Projects\Games\Moddable\Mc\Programmation\Mods\Cross-Port\BlueMapOfflinePlayerMarkersNeoForge\common\build\libs\bluemapofflineplayermarkers-common-1.4.1-transformProductionNeoForge.jar
[Architectury Transformer] Transformed jar with 5 transformer(s) in 3.302 s
[Architectury Transformer DEBUG] Closed File Systems for F:\Projects\Games\Moddable\Mc\Programmation\Mods\Cross-Port\BlueMapOfflinePlayerMarkersNeoForge\common\build\libs\bluemapofflineplayermarkers-common-1.4.1.jar
[Architectury Transformer DEBUG] 
[Architectury Transformer DEBUG] ============================
[Architectury Transformer DEBUG] Transforming from F:\Projects\Games\Moddable\Mc\Programmation\Mods\Cross-Port\BlueMapOfflinePlayerMarkersNeoForge\common\build\devlibs\bluemapofflineplayermarkers-common-1.4.1-dev.jar to F:\Projects\Games\Moddable\Mc\Programmation\Mods\Cross-Port\BlueMapOfflinePlayerMarkersNeoForge\common\build\libs\bluemapofflineplayermarkers-common-1.4.1-transformProductionNeoForge.jar
[Architectury Transformer DEBUG] ============================
[Architectury Transformer DEBUG] 
[Architectury Transformer DEBUG] Transforming 5 transformer(s) from F:\Projects\Games\Moddable\Mc\Programmation\Mods\Cross-Port\BlueMapOfflinePlayerMarkersNeoForge\common\build\devlibs\bluemapofflineplayermarkers-common-1.4.1-dev.jar to F:\Projects\Games\Moddable\Mc\Programmation\Mods\Cross-Port\BlueMapOfflinePlayerMarkersNeoForge\common\build\libs\bluemapofflineplayermarkers-common-1.4.1-transformProductionNeoForge.jar: 
[Architectury Transformer DEBUG]  - dev.architectury.transformer.transformers.TransformExpectPlatform@477850d9
[Architectury Transformer DEBUG]  - dev.architectury.transformer.transformers.RemapInjectables@59fb0b72
[Architectury Transformer DEBUG]  - dev.architectury.transformer.transformers.TransformPlatformOnly@770fe86
[Architectury Transformer DEBUG]  - dev.architectury.transformer.transformers.TransformNeoForgeAnnotations@4a0aa90a
[Architectury Transformer DEBUG]  - dev.architectury.transformer.transformers.TransformNeoForgeEnvironment@4ff1d60a
[Architectury Transformer DEBUG] Transforming from F:\Projects\Games\Moddable\Mc\Programmation\Mods\Cross-Port\BlueMapOfflinePlayerMarkersNeoForge\common\build\devlibs\bluemapofflineplayermarkers-common-1.4.1-dev.jar to F:\Projects\Games\Moddable\Mc\Programmation\Mods\Cross-Port\BlueMapOfflinePlayerMarkersNeoForge\common\build\libs\bluemapofflineplayermarkers-common-1.4.1-transformProductionNeoForge.jar with 5 transformer(s) on dev.architectury.transformer.handler.SimpleTransformerHandler
[Architectury Transformer DEBUG] Remapping with 1 mapping provider(s):
[Architectury Transformer DEBUG]  - dev.architectury.transformer.transformers.TransformNeoForgeEnvironment$$Lambda/0x0000020c8227d1c8@433af22d
[Architectury Transformer DEBUG] Provided 77 classpath jar(s):
[Architectury Transformer DEBUG]  - C:\Users\flori\.gradle\caches\modules-2\files-2.1\org.jetbrains.kotlinx\kotlinx-serialization-json-jvm\1.7.3\6701e8c68d9e82387ce72ee96e8ddf058208d58f\kotlinx-serialization-json-jvm-1.7.3.jar
[Architectury Transformer DEBUG]  - C:\Users\flori\.gradle\caches\modules-2\files-2.1\org.jetbrains.kotlinx\kotlinx-serialization-core-jvm\1.7.3\1f226780b845ff9206474c05159245d861556249\kotlinx-serialization-core-jvm-1.7.3.jar
[Architectury Transformer DEBUG]  - C:\Users\flori\.gradle\caches\modules-2\files-2.1\org.jetbrains.kotlin\kotlin-stdlib\2.0.20\7388d355f7cceb002cd387ccb7ab3850e4e0a07f\kotlin-stdlib-2.0.20.jar
[Architectury Transformer DEBUG]  - C:\Users\flori\.gradle\caches\modules-2\files-2.1\dev.architectury\architectury-injectables\1.0.10\62db2a366d662606d1b23ad02ccc3212ed37ec3\architectury-injectables-1.0.10.jar
[Architectury Transformer DEBUG]  - C:\Users\flori\.gradle\caches\modules-2\files-2.1\net.fabricmc\fabric-loader\0.16.10\dbd932c2a3641d2c41cf9abfe47e140a5753fa86\fabric-loader-0.16.10.jar
[Architectury Transformer DEBUG]  - C:\Users\flori\.gradle\caches\modules-2\files-2.1\org.jetbrains\annotations\24.1.0\7af6a669488450c4a07c2c3254e2151df42d7d04\annotations-24.1.0.jar
[Architectury Transformer DEBUG]  - C:\Users\flori\.gradle\caches\modules-2\files-2.1\de.bluecolored\bluemap-api\2.7.3\c4a575033e2bda2f7e9bfc647a45ca5c11fe1feb\bluemap-api-2.7.3.jar
[Architectury Transformer DEBUG]  - C:\Users\flori\.gradle\caches\modules-2\files-2.1\org.ow2.asm\asm\9.7.1\f0ed132a49244b042cd0e15702ab9f2ce3cc8436\asm-9.7.1.jar
[Architectury Transformer DEBUG]  - C:\Users\flori\.gradle\caches\modules-2\files-2.1\org.ow2.asm\asm-analysis\9.7.1\f97a3b319f0ed6a8cd944dc79060d3912a28985f\asm-analysis-9.7.1.jar
[Architectury Transformer DEBUG]  - C:\Users\flori\.gradle\caches\modules-2\files-2.1\org.ow2.asm\asm-commons\9.7.1\406c6a2225cfe1819f102a161e54cc16a5c24f75\asm-commons-9.7.1.jar
[Architectury Transformer DEBUG]  - C:\Users\flori\.gradle\caches\modules-2\files-2.1\org.ow2.asm\asm-tree\9.7.1\3a53139787663b139de76b627fca0084ab60d32c\asm-tree-9.7.1.jar
[Architectury Transformer DEBUG]  - C:\Users\flori\.gradle\caches\modules-2\files-2.1\org.ow2.asm\asm-util\9.7.1\9e23359b598ec6b74b23e53110dd5c577adf2243\asm-util-9.7.1.jar
[Architectury Transformer DEBUG]  - C:\Users\flori\.gradle\caches\modules-2\files-2.1\net.fabricmc\sponge-mixin\0.15.4+mixin.0.8.7\6a12aacc794f1078458433116e9ed42c1cc98096\sponge-mixin-0.15.4+mixin.0.8.7.jar
[Architectury Transformer DEBUG]  - C:\Users\flori\.gradle\caches\modules-2\files-2.1\io.github.llamalad7\mixinextras-fabric\0.4.1\8d1a9e96afb990367fa1f904d17580d164da72e3\mixinextras-fabric-0.4.1.jar
[Architectury Transformer DEBUG]  - C:\Users\flori\.gradle\caches\modules-2\files-2.1\com.fasterxml.jackson.core\jackson-annotations\2.13.4\858c6cc78e1f08a885b1613e1d817c829df70a6e\jackson-annotations-2.13.4.jar
[Architectury Transformer DEBUG]  - C:\Users\flori\.gradle\caches\modules-2\files-2.1\com.fasterxml.jackson.core\jackson-core\2.13.4\cf934c681294b97ef6d80082faeefbe1edadf56\jackson-core-2.13.4.jar
[Architectury Transformer DEBUG]  - C:\Users\flori\.gradle\caches\modules-2\files-2.1\com.fasterxml.jackson.core\jackson-databind\2.13.4.2\325c06bdfeb628cfb80ebaaf1a26cc1eb558a585\jackson-databind-2.13.4.2.jar
[Architectury Transformer DEBUG]  - C:\Users\flori\.gradle\caches\modules-2\files-2.1\com.github.oshi\oshi-core\6.6.5\e1099981fd15dc4236c4499d82aba1276fb43a9a\oshi-core-6.6.5.jar
[Architectury Transformer DEBUG]  - C:\Users\flori\.gradle\caches\modules-2\files-2.1\com.github.stephenc.jcip\jcip-annotations\1.0-1\ef31541dd28ae2cefdd17c7ebf352d93e9058c63\jcip-annotations-1.0-1.jar
[Architectury Transformer DEBUG]  - C:\Users\flori\.gradle\caches\modules-2\files-2.1\com.google.code.gson\gson\2.11.0\527175ca6d81050b53bdd4c457a6d6e017626b0e\gson-2.11.0.jar
[Architectury Transformer DEBUG]  - C:\Users\flori\.gradle\caches\modules-2\files-2.1\com.google.guava\failureaccess\1.0.2\c4a06a64e650562f30b7bf9aaec1bfed43aca12b\failureaccess-1.0.2.jar
[Architectury Transformer DEBUG]  - C:\Users\flori\.gradle\caches\modules-2\files-2.1\com.google.guava\guava\33.3.1-jre\852f8b363da0111e819460021ca693cacca3e8db\guava-33.3.1-jre.jar
[Architectury Transformer DEBUG]  - C:\Users\flori\.gradle\caches\modules-2\files-2.1\com.ibm.icu\icu4j\76.1\215f3a8e936d4069344bd75f2b1368fd58112894\icu4j-76.1.jar
[Architectury Transformer DEBUG]  - C:\Users\flori\.gradle\caches\modules-2\files-2.1\com.microsoft.azure\msal4j\1.17.2\a6211e3d71d0388929babaa0ff0951b30d001852\msal4j-1.17.2.jar
[Architectury Transformer DEBUG]  - C:\Users\flori\.gradle\caches\modules-2\files-2.1\com.mojang\authlib\6.0.57\bded3161a7346de32213da750388ec6529fe4f6b\authlib-6.0.57.jar
[Architectury Transformer DEBUG]  - C:\Users\flori\.gradle\caches\modules-2\files-2.1\com.mojang\blocklist\1.0.10\5c685c5ffa94c4cd39496c7184c1d122e515ecef\blocklist-1.0.10.jar
[Architectury Transformer DEBUG]  - C:\Users\flori\.gradle\caches\modules-2\files-2.1\com.mojang\brigadier\1.3.10\d15b53a14cf20fdcaa98f731af5dda654452c010\brigadier-1.3.10.jar
[Architectury Transformer DEBUG]  - C:\Users\flori\.gradle\caches\modules-2\files-2.1\com.mojang\datafixerupper\8.0.16\67d4de6d7f95d89bcf5862995fb854ebaec02a34\datafixerupper-8.0.16.jar
[Architectury Transformer DEBUG]  - C:\Users\flori\.gradle\caches\modules-2\files-2.1\com.mojang\jtracy\1.0.29\6f07dcb6a2e595c7ee2ca43b67e5d1c018ca0770\jtracy-1.0.29.jar
[Architectury Transformer DEBUG]  - C:\Users\flori\.gradle\caches\modules-2\files-2.1\com.mojang\logging\1.5.10\9ab1202793717af9df9c1704d0a02892067001eb\logging-1.5.10.jar
[Architectury Transformer DEBUG]  - C:\Users\flori\.gradle\caches\modules-2\files-2.1\com.mojang\patchy\2.2.10\da05971b07cbb379d002cf7eaec6a2048211fefc\patchy-2.2.10.jar
[Architectury Transformer DEBUG]  - C:\Users\flori\.gradle\caches\modules-2\files-2.1\com.mojang\text2speech\1.17.9\3cad216e3a7f0c19b4b394388bc9ffc446f13b14\text2speech-1.17.9.jar
[Architectury Transformer DEBUG]  - C:\Users\flori\.gradle\caches\modules-2\files-2.1\com.nimbusds\content-type\2.3\e3aa0be212d7a42839a8f3f506f5b990bcce0222\content-type-2.3.jar
[Architectury Transformer DEBUG]  - C:\Users\flori\.gradle\caches\modules-2\files-2.1\com.nimbusds\lang-tag\1.7\97c73ecd70bc7e8eefb26c5eea84f251a63f1031\lang-tag-1.7.jar
[Architectury Transformer DEBUG]  - C:\Users\flori\.gradle\caches\modules-2\files-2.1\com.nimbusds\nimbus-jose-jwt\9.40\42b1dfa0360e4062951b070bac52dd8d96fd7b38\nimbus-jose-jwt-9.40.jar
[Architectury Transformer DEBUG]  - C:\Users\flori\.gradle\caches\modules-2\files-2.1\com.nimbusds\oauth2-oidc-sdk\11.18\7c7ec4f4066625ff07a711ad856fa04da1ff9de\oauth2-oidc-sdk-11.18.jar
[Architectury Transformer DEBUG]  - C:\Users\flori\.gradle\caches\modules-2\files-2.1\commons-codec\commons-codec\1.17.1\973638b7149d333563584137ebf13a691bb60579\commons-codec-1.17.1.jar
[Architectury Transformer DEBUG]  - C:\Users\flori\.gradle\caches\modules-2\files-2.1\commons-io\commons-io\2.17.0\ddcc8433eb019fb48fe25207c0278143f3e1d7e2\commons-io-2.17.0.jar
[Architectury Transformer DEBUG]  - C:\Users\flori\.gradle\caches\modules-2\files-2.1\commons-logging\commons-logging\1.3.4\b9fc14968d63a8b8a8a2c1885fe3e90564239708\commons-logging-1.3.4.jar
[Architectury Transformer DEBUG]  - C:\Users\flori\.gradle\caches\modules-2\files-2.1\io.netty\netty-buffer\4.1.115.Final\d5daf1030e5c36d198caf7562da2441a97ec0df6\netty-buffer-4.1.115.Final.jar
[Architectury Transformer DEBUG]  - C:\Users\flori\.gradle\caches\modules-2\files-2.1\io.netty\netty-codec\4.1.115.Final\d326bf3a4c785b272da3db6941779a1bd5448378\netty-codec-4.1.115.Final.jar
[Architectury Transformer DEBUG]  - C:\Users\flori\.gradle\caches\modules-2\files-2.1\io.netty\netty-common\4.1.115.Final\9da10a9f72e3f87e181d91b525174007a6fc4f11\netty-common-4.1.115.Final.jar
[Architectury Transformer DEBUG]  - C:\Users\flori\.gradle\caches\modules-2\files-2.1\io.netty\netty-handler\4.1.115.Final\d54dbf68b9d88a98240107758c6b63da5e46e23a\netty-handler-4.1.115.Final.jar
[Architectury Transformer DEBUG]  - C:\Users\flori\.gradle\caches\modules-2\files-2.1\io.netty\netty-resolver\4.1.115.Final\e33b4d476c03975957f5d8d0319d592bf2bc5e96\netty-resolver-4.1.115.Final.jar
[Architectury Transformer DEBUG]  - C:\Users\flori\.gradle\caches\modules-2\files-2.1\io.netty\netty-transport-classes-epoll\4.1.115.Final\11fea00408ecbd8b8d1f0698d708e37db4a01841\netty-transport-classes-epoll-4.1.115.Final.jar
[Architectury Transformer DEBUG]  - C:\Users\flori\.gradle\caches\modules-2\files-2.1\io.netty\netty-transport-native-unix-common\4.1.115.Final\dc96c67d06cd6b5eb677f2728f27bf2e3d9a7284\netty-transport-native-unix-common-4.1.115.Final.jar
[Architectury Transformer DEBUG]  - C:\Users\flori\.gradle\caches\modules-2\files-2.1\io.netty\netty-transport\4.1.115.Final\39cef77c1a25908ac1abf4960c2e789f0bf70ff9\netty-transport-4.1.115.Final.jar
[Architectury Transformer DEBUG]  - C:\Users\flori\.gradle\caches\modules-2\files-2.1\it.unimi.dsi\fastutil\8.5.15\1e885b40c9563ab0d3899b871fd0b30e958705dc\fastutil-8.5.15.jar
[Architectury Transformer DEBUG]  - C:\Users\flori\.gradle\caches\modules-2\files-2.1\net.java.dev.jna\jna-platform\5.15.0\86b502cad57d45da172b5e3231c537b042e296ef\jna-platform-5.15.0.jar
[Architectury Transformer DEBUG]  - C:\Users\flori\.gradle\caches\modules-2\files-2.1\net.java.dev.jna\jna\5.15.0\1ee1d80ff44f08280188f7c0e740d57207841ac\jna-5.15.0.jar
[Architectury Transformer DEBUG]  - C:\Users\flori\.gradle\caches\modules-2\files-2.1\net.minidev\accessors-smart\2.5.1\19b820261eb2e7de7d5bde11d1c06e4501dd7e5f\accessors-smart-2.5.1.jar
[Architectury Transformer DEBUG]  - C:\Users\flori\.gradle\caches\modules-2\files-2.1\net.minidev\json-smart\2.5.1\4c11d2808d009132dfbbf947ebf37de6bf266c8e\json-smart-2.5.1.jar
[Architectury Transformer DEBUG]  - C:\Users\flori\.gradle\caches\modules-2\files-2.1\net.sf.jopt-simple\jopt-simple\5.0.4\4fdac2fbe92dfad86aa6e9301736f6b4342a3f5c\jopt-simple-5.0.4.jar
[Architectury Transformer DEBUG]  - C:\Users\flori\.gradle\caches\modules-2\files-2.1\org.apache.commons\commons-compress\1.27.1\a19151084758e2fbb6b41eddaa88e7b8ff4e6599\commons-compress-1.27.1.jar
[Architectury Transformer DEBUG]  - C:\Users\flori\.gradle\caches\modules-2\files-2.1\org.apache.commons\commons-lang3\3.17.0\b17d2136f0460dcc0d2016ceefca8723bdf4ee70\commons-lang3-3.17.0.jar
[Architectury Transformer DEBUG]  - C:\Users\flori\.gradle\caches\modules-2\files-2.1\org.apache.httpcomponents\httpclient\4.5.14\1194890e6f56ec29177673f2f12d0b8e627dec98\httpclient-4.5.14.jar
[Architectury Transformer DEBUG]  - C:\Users\flori\.gradle\caches\modules-2\files-2.1\org.apache.httpcomponents\httpcore\4.4.16\51cf043c87253c9f58b539c9f7e44c8894223850\httpcore-4.4.16.jar
[Architectury Transformer DEBUG]  - C:\Users\flori\.gradle\caches\modules-2\files-2.1\org.apache.logging.log4j\log4j-api\2.24.1\7ebeb12c20606373005af4232cd0ecca72613dda\log4j-api-2.24.1.jar
[Architectury Transformer DEBUG]  - C:\Users\flori\.gradle\caches\modules-2\files-2.1\org.apache.logging.log4j\log4j-core\2.24.1\c85285146f28d8c8962384f786e2dff04172fb43\log4j-core-2.24.1.jar
[Architectury Transformer DEBUG]  - C:\Users\flori\.gradle\caches\modules-2\files-2.1\org.apache.logging.log4j\log4j-slf4j2-impl\2.24.1\8e3ddc96464ef7f768823e7e001a52b23de8cd0a\log4j-slf4j2-impl-2.24.1.jar
[Architectury Transformer DEBUG]  - C:\Users\flori\.gradle\caches\modules-2\files-2.1\org.jcraft\jorbis\0.0.17\8872d22b293e8f5d7d56ff92be966e6dc28ebdc6\jorbis-0.0.17.jar
[Architectury Transformer DEBUG]  - C:\Users\flori\.gradle\caches\modules-2\files-2.1\org.joml\joml\1.10.8\fc0a71dad90a2cf41d82a76156a0e700af8e4f8d\joml-1.10.8.jar
[Architectury Transformer DEBUG]  - C:\Users\flori\.gradle\caches\modules-2\files-2.1\org.lwjgl\lwjgl-freetype\3.3.3\a0db6c84a8becc8ca05f9dbfa985edc348a824c7\lwjgl-freetype-3.3.3.jar
[Architectury Transformer DEBUG]  - C:\Users\flori\.gradle\caches\modules-2\files-2.1\org.lwjgl\lwjgl-glfw\3.3.3\efa1eb78c5ccd840e9f329717109b5e892d72f8e\lwjgl-glfw-3.3.3.jar
[Architectury Transformer DEBUG]  - C:\Users\flori\.gradle\caches\modules-2\files-2.1\org.lwjgl\lwjgl-jemalloc\3.3.3\b543467b7ff3c6920539a88ee602d34098628be5\lwjgl-jemalloc-3.3.3.jar
[Architectury Transformer DEBUG]  - C:\Users\flori\.gradle\caches\modules-2\files-2.1\org.lwjgl\lwjgl-openal\3.3.3\daada81ceb5fc0c291fbfdd4433cb8d9423577f2\lwjgl-openal-3.3.3.jar
[Architectury Transformer DEBUG]  - C:\Users\flori\.gradle\caches\modules-2\files-2.1\org.lwjgl\lwjgl-opengl\3.3.3\2f6b0147078396a58979125a4c947664e98293a\lwjgl-opengl-3.3.3.jar
[Architectury Transformer DEBUG]  - C:\Users\flori\.gradle\caches\modules-2\files-2.1\org.lwjgl\lwjgl-stb\3.3.3\25dd6161988d7e65f71d5065c99902402ee32746\lwjgl-stb-3.3.3.jar
[Architectury Transformer DEBUG]  - C:\Users\flori\.gradle\caches\modules-2\files-2.1\org.lwjgl\lwjgl-tinyfd\3.3.3\82d755ca94b102e9ca77283b9e2dc46d1b15fbe5\lwjgl-tinyfd-3.3.3.jar
[Architectury Transformer DEBUG]  - C:\Users\flori\.gradle\caches\modules-2\files-2.1\org.lwjgl\lwjgl\3.3.3\29589b5f87ed335a6c7e7ee6a5775f81f97ecb84\lwjgl-3.3.3.jar
[Architectury Transformer DEBUG]  - C:\Users\flori\.gradle\caches\modules-2\files-2.1\org.lz4\lz4-java\1.8.0\4b986a99445e49ea5fbf5d149c4b63f6ed6c6780\lz4-java-1.8.0.jar
[Architectury Transformer DEBUG]  - C:\Users\flori\.gradle\caches\modules-2\files-2.1\org.slf4j\slf4j-api\2.0.16\172931663a09a1fa515567af5fbef00897d3c04\slf4j-api-2.0.16.jar
[Architectury Transformer DEBUG]  - C:\Users\flori\.gradle\caches\fabric-loom\minecraftMaven\net\minecraft\minecraft-merged\1.21.4-loom.mappings.1_21_4.layered+hash.40545-v2\minecraft-merged-1.21.4-loom.mappings.1_21_4.layered+hash.40545-v2.jar
[Architectury Transformer DEBUG]  - C:\Users\flori\.gradle\caches\modules-2\files-2.1\io.netty\netty-transport-native-epoll\4.1.115.Final\a6cc58c4a259bad159cbb06120cea9b3474e86a0\netty-transport-native-epoll-4.1.115.Final-linux-x86_64.jar
[Architectury Transformer DEBUG]  - C:\Users\flori\.gradle\caches\modules-2\files-2.1\io.netty\netty-transport-native-epoll\4.1.115.Final\a80b32f98ceb4e27958c0ceaf22ddad9ea6c0d4e\netty-transport-native-epoll-4.1.115.Final-linux-aarch_64.jar
[Architectury Transformer DEBUG]  - C:\Users\flori\.gradle\caches\modules-2\files-2.1\com.flowpowered\flow-math\1.0.3\d98020239e5015091ad3be927cef9dea0d61a234\flow-math-1.0.3.jar
[Architectury Transformer DEBUG]  - C:\Users\flori\.gradle\caches\modules-2\files-2.1\com.google.errorprone\error_prone_annotations\2.27.0\91b2c29d8a6148b5e2e4930f070d4840e2e48e34\error_prone_annotations-2.27.0.jar
[Architectury Transformer] Read classpath in 2.407 s
[Architectury Transformer DEBUG] Remapping Classes:
[Architectury Transformer DEBUG] net/fabricmc/api/EnvType -> net/neoforged/api/distmarker/Dist
[Architectury Transformer DEBUG] net/fabricmc/api/Environment -> net/neoforged/api/distmarker/OnlyIn
[Architectury Transformer DEBUG] Found class transformer
[Architectury Transformer DEBUG] Writing fr/florian4600/serverutils/Translatable with maxs=true frames=true
[Architectury Transformer DEBUG] Writing fr/florian4600/compatutils/CompatibilityUtilities with maxs=true frames=true
[Architectury Transformer DEBUG] Writing com/technicjelle/BMUtils with maxs=true frames=true
[Architectury Transformer DEBUG] Writing com/technicjelle/bluemapofflineplayermarkers/ConfigManager$Config with maxs=true frames=true
[Architectury Transformer DEBUG] Writing com/technicjelle/bluemapofflineplayermarkers/Bukkit2ForgeKt with maxs=true frames=true
[Architectury Transformer DEBUG] Writing com/technicjelle/bluemapofflineplayermarkers/ConfigManager$Config$$serializer with maxs=true frames=true
[Architectury Transformer DEBUG] Writing com/technicjelle/bluemapofflineplayermarkers/BlueMapOfflinePlayerMarkers with maxs=true frames=true
[Architectury Transformer DEBUG] Writing com/technicjelle/bluemapofflineplayermarkers/ConfigManager$BannedPlayer$$serializer with maxs=true frames=true
[Architectury Transformer DEBUG] Writing com/technicjelle/bluemapofflineplayermarkers/ConfigManager$BannedPlayer with maxs=true frames=true
[Architectury Transformer DEBUG] Writing com/technicjelle/bluemapofflineplayermarkers/MarkerHandler with maxs=true frames=true
[Architectury Transformer DEBUG] Writing com/technicjelle/bluemapofflineplayermarkers/ConfigManager with maxs=true frames=true
[Architectury Transformer DEBUG] Writing com/technicjelle/bluemapofflineplayermarkers/ConfigManager$Config$GameMode$Companion with maxs=true frames=true
[Architectury Transformer DEBUG] Writing com/technicjelle/bluemapofflineplayermarkers/ConfigManager$Config$Companion with maxs=true frames=true
[Architectury Transformer DEBUG] Writing com/technicjelle/bluemapofflineplayermarkers/ConfigManager$Config$GameMode with maxs=true frames=true
[Architectury Transformer DEBUG] Writing com/technicjelle/bluemapofflineplayermarkers/ConfigManager$BannedPlayer$Companion with maxs=true frames=true
[Architectury Transformer DEBUG] Writing com/technicjelle/bluemapofflineplayermarkers/struct/OfflinePlayer with maxs=true frames=true
[Architectury Transformer DEBUG] Writing com/technicjelle/bluemapofflineplayermarkers/events/OPMEventHandler with maxs=true frames=true
[Architectury Transformer DEBUG] Writing com/technicjelle/bluemapofflineplayermarkers/events/OPMEventHandler$Companion with maxs=true frames=true
[Architectury Transformer DEBUG] Writing com/technicjelle/bluemapofflineplayermarkers/commands/DeleteMarkerCommand$Companion with maxs=true frames=true
[Architectury Transformer DEBUG] Writing com/technicjelle/bluemapofflineplayermarkers/commands/FakeMarkerCommand$Companion with maxs=true frames=true
[Architectury Transformer DEBUG] Writing com/technicjelle/bluemapofflineplayermarkers/commands/DeleteMarkerCommand with maxs=true frames=true
[Architectury Transformer DEBUG] Writing com/technicjelle/bluemapofflineplayermarkers/commands/FakeMarkerCommand with maxs=true frames=true
[Architectury Transformer DEBUG] Closed File Systems for F:\Projects\Games\Moddable\Mc\Programmation\Mods\Cross-Port\BlueMapOfflinePlayerMarkersNeoForge\common\build\libs\bluemapofflineplayermarkers-common-1.4.1-transformProductionNeoForge.jar
[Architectury Transformer] Transformed jar with 5 transformer(s) in 3.332 s
[Architectury Transformer DEBUG] Closed File Systems for F:\Projects\Games\Moddable\Mc\Programmation\Mods\Cross-Port\BlueMapOfflinePlayerMarkersNeoForge\common\build\libs\bluemapofflineplayermarkers-common-1.4.1.jar
[Architectury Transformer DEBUG] 
[Architectury Transformer DEBUG] ============================
[Architectury Transformer DEBUG] Transforming from F:\Projects\Games\Moddable\Mc\Programmation\Mods\Cross-Port\BlueMapOfflinePlayerMarkersNeoForge\common\build\devlibs\bluemapofflineplayermarkers-common-1.4.1-dev.jar to F:\Projects\Games\Moddable\Mc\Programmation\Mods\Cross-Port\BlueMapOfflinePlayerMarkersNeoForge\common\build\libs\bluemapofflineplayermarkers-common-1.4.1-transformProductionNeoForge.jar
[Architectury Transformer DEBUG] ============================
[Architectury Transformer DEBUG] 
[Architectury Transformer DEBUG] Transforming 5 transformer(s) from F:\Projects\Games\Moddable\Mc\Programmation\Mods\Cross-Port\BlueMapOfflinePlayerMarkersNeoForge\common\build\devlibs\bluemapofflineplayermarkers-common-1.4.1-dev.jar to F:\Projects\Games\Moddable\Mc\Programmation\Mods\Cross-Port\BlueMapOfflinePlayerMarkersNeoForge\common\build\libs\bluemapofflineplayermarkers-common-1.4.1-transformProductionNeoForge.jar: 
[Architectury Transformer DEBUG]  - dev.architectury.transformer.transformers.TransformExpectPlatform@24a3fb22
[Architectury Transformer DEBUG]  - dev.architectury.transformer.transformers.RemapInjectables@2b252448
[Architectury Transformer DEBUG]  - dev.architectury.transformer.transformers.TransformPlatformOnly@51ce6ebf
[Architectury Transformer DEBUG]  - dev.architectury.transformer.transformers.TransformNeoForgeAnnotations@13f8dc76
[Architectury Transformer DEBUG]  - dev.architectury.transformer.transformers.TransformNeoForgeEnvironment@28395fc0
[Architectury Transformer DEBUG] Transforming from F:\Projects\Games\Moddable\Mc\Programmation\Mods\Cross-Port\BlueMapOfflinePlayerMarkersNeoForge\common\build\devlibs\bluemapofflineplayermarkers-common-1.4.1-dev.jar to F:\Projects\Games\Moddable\Mc\Programmation\Mods\Cross-Port\BlueMapOfflinePlayerMarkersNeoForge\common\build\libs\bluemapofflineplayermarkers-common-1.4.1-transformProductionNeoForge.jar with 5 transformer(s) on dev.architectury.transformer.handler.SimpleTransformerHandler
[Architectury Transformer DEBUG] Remapping with 1 mapping provider(s):
[Architectury Transformer DEBUG]  - dev.architectury.transformer.transformers.TransformNeoForgeEnvironment$$Lambda/0x0000020c8227d1c8@433af22d
[Architectury Transformer DEBUG] Provided 77 classpath jar(s):
[Architectury Transformer DEBUG]  - C:\Users\flori\.gradle\caches\modules-2\files-2.1\org.jetbrains.kotlinx\kotlinx-serialization-json-jvm\1.7.3\6701e8c68d9e82387ce72ee96e8ddf058208d58f\kotlinx-serialization-json-jvm-1.7.3.jar
[Architectury Transformer DEBUG]  - C:\Users\flori\.gradle\caches\modules-2\files-2.1\org.jetbrains.kotlinx\kotlinx-serialization-core-jvm\1.7.3\1f226780b845ff9206474c05159245d861556249\kotlinx-serialization-core-jvm-1.7.3.jar
[Architectury Transformer DEBUG]  - C:\Users\flori\.gradle\caches\modules-2\files-2.1\org.jetbrains.kotlin\kotlin-stdlib\2.0.20\7388d355f7cceb002cd387ccb7ab3850e4e0a07f\kotlin-stdlib-2.0.20.jar
[Architectury Transformer DEBUG]  - C:\Users\flori\.gradle\caches\modules-2\files-2.1\dev.architectury\architectury-injectables\1.0.10\62db2a366d662606d1b23ad02ccc3212ed37ec3\architectury-injectables-1.0.10.jar
[Architectury Transformer DEBUG]  - C:\Users\flori\.gradle\caches\modules-2\files-2.1\net.fabricmc\fabric-loader\0.16.10\dbd932c2a3641d2c41cf9abfe47e140a5753fa86\fabric-loader-0.16.10.jar
[Architectury Transformer DEBUG]  - C:\Users\flori\.gradle\caches\modules-2\files-2.1\org.jetbrains\annotations\24.1.0\7af6a669488450c4a07c2c3254e2151df42d7d04\annotations-24.1.0.jar
[Architectury Transformer DEBUG]  - C:\Users\flori\.gradle\caches\modules-2\files-2.1\de.bluecolored\bluemap-api\2.7.3\c4a575033e2bda2f7e9bfc647a45ca5c11fe1feb\bluemap-api-2.7.3.jar
[Architectury Transformer DEBUG]  - C:\Users\flori\.gradle\caches\modules-2\files-2.1\org.ow2.asm\asm\9.7.1\f0ed132a49244b042cd0e15702ab9f2ce3cc8436\asm-9.7.1.jar
[Architectury Transformer DEBUG]  - C:\Users\flori\.gradle\caches\modules-2\files-2.1\org.ow2.asm\asm-analysis\9.7.1\f97a3b319f0ed6a8cd944dc79060d3912a28985f\asm-analysis-9.7.1.jar
[Architectury Transformer DEBUG]  - C:\Users\flori\.gradle\caches\modules-2\files-2.1\org.ow2.asm\asm-commons\9.7.1\406c6a2225cfe1819f102a161e54cc16a5c24f75\asm-commons-9.7.1.jar
[Architectury Transformer DEBUG]  - C:\Users\flori\.gradle\caches\modules-2\files-2.1\org.ow2.asm\asm-tree\9.7.1\3a53139787663b139de76b627fca0084ab60d32c\asm-tree-9.7.1.jar
[Architectury Transformer DEBUG]  - C:\Users\flori\.gradle\caches\modules-2\files-2.1\org.ow2.asm\asm-util\9.7.1\9e23359b598ec6b74b23e53110dd5c577adf2243\asm-util-9.7.1.jar
[Architectury Transformer DEBUG]  - C:\Users\flori\.gradle\caches\modules-2\files-2.1\net.fabricmc\sponge-mixin\0.15.4+mixin.0.8.7\6a12aacc794f1078458433116e9ed42c1cc98096\sponge-mixin-0.15.4+mixin.0.8.7.jar
[Architectury Transformer DEBUG]  - C:\Users\flori\.gradle\caches\modules-2\files-2.1\io.github.llamalad7\mixinextras-fabric\0.4.1\8d1a9e96afb990367fa1f904d17580d164da72e3\mixinextras-fabric-0.4.1.jar
[Architectury Transformer DEBUG]  - C:\Users\flori\.gradle\caches\modules-2\files-2.1\com.fasterxml.jackson.core\jackson-annotations\2.13.4\858c6cc78e1f08a885b1613e1d817c829df70a6e\jackson-annotations-2.13.4.jar
[Architectury Transformer DEBUG]  - C:\Users\flori\.gradle\caches\modules-2\files-2.1\com.fasterxml.jackson.core\jackson-core\2.13.4\cf934c681294b97ef6d80082faeefbe1edadf56\jackson-core-2.13.4.jar
[Architectury Transformer DEBUG]  - C:\Users\flori\.gradle\caches\modules-2\files-2.1\com.fasterxml.jackson.core\jackson-databind\2.13.4.2\325c06bdfeb628cfb80ebaaf1a26cc1eb558a585\jackson-databind-2.13.4.2.jar
[Architectury Transformer DEBUG]  - C:\Users\flori\.gradle\caches\modules-2\files-2.1\com.github.oshi\oshi-core\6.6.5\e1099981fd15dc4236c4499d82aba1276fb43a9a\oshi-core-6.6.5.jar
[Architectury Transformer DEBUG]  - C:\Users\flori\.gradle\caches\modules-2\files-2.1\com.github.stephenc.jcip\jcip-annotations\1.0-1\ef31541dd28ae2cefdd17c7ebf352d93e9058c63\jcip-annotations-1.0-1.jar
[Architectury Transformer DEBUG]  - C:\Users\flori\.gradle\caches\modules-2\files-2.1\com.google.code.gson\gson\2.11.0\527175ca6d81050b53bdd4c457a6d6e017626b0e\gson-2.11.0.jar
[Architectury Transformer DEBUG]  - C:\Users\flori\.gradle\caches\modules-2\files-2.1\com.google.guava\failureaccess\1.0.2\c4a06a64e650562f30b7bf9aaec1bfed43aca12b\failureaccess-1.0.2.jar
[Architectury Transformer DEBUG]  - C:\Users\flori\.gradle\caches\modules-2\files-2.1\com.google.guava\guava\33.3.1-jre\852f8b363da0111e819460021ca693cacca3e8db\guava-33.3.1-jre.jar
[Architectury Transformer DEBUG]  - C:\Users\flori\.gradle\caches\modules-2\files-2.1\com.ibm.icu\icu4j\76.1\215f3a8e936d4069344bd75f2b1368fd58112894\icu4j-76.1.jar
[Architectury Transformer DEBUG]  - C:\Users\flori\.gradle\caches\modules-2\files-2.1\com.microsoft.azure\msal4j\1.17.2\a6211e3d71d0388929babaa0ff0951b30d001852\msal4j-1.17.2.jar
[Architectury Transformer DEBUG]  - C:\Users\flori\.gradle\caches\modules-2\files-2.1\com.mojang\authlib\6.0.57\bded3161a7346de32213da750388ec6529fe4f6b\authlib-6.0.57.jar
[Architectury Transformer DEBUG]  - C:\Users\flori\.gradle\caches\modules-2\files-2.1\com.mojang\blocklist\1.0.10\5c685c5ffa94c4cd39496c7184c1d122e515ecef\blocklist-1.0.10.jar
[Architectury Transformer DEBUG]  - C:\Users\flori\.gradle\caches\modules-2\files-2.1\com.mojang\brigadier\1.3.10\d15b53a14cf20fdcaa98f731af5dda654452c010\brigadier-1.3.10.jar
[Architectury Transformer DEBUG]  - C:\Users\flori\.gradle\caches\modules-2\files-2.1\com.mojang\datafixerupper\8.0.16\67d4de6d7f95d89bcf5862995fb854ebaec02a34\datafixerupper-8.0.16.jar
[Architectury Transformer DEBUG]  - C:\Users\flori\.gradle\caches\modules-2\files-2.1\com.mojang\jtracy\1.0.29\6f07dcb6a2e595c7ee2ca43b67e5d1c018ca0770\jtracy-1.0.29.jar
[Architectury Transformer DEBUG]  - C:\Users\flori\.gradle\caches\modules-2\files-2.1\com.mojang\logging\1.5.10\9ab1202793717af9df9c1704d0a02892067001eb\logging-1.5.10.jar
[Architectury Transformer DEBUG]  - C:\Users\flori\.gradle\caches\modules-2\files-2.1\com.mojang\patchy\2.2.10\da05971b07cbb379d002cf7eaec6a2048211fefc\patchy-2.2.10.jar
[Architectury Transformer DEBUG]  - C:\Users\flori\.gradle\caches\modules-2\files-2.1\com.mojang\text2speech\1.17.9\3cad216e3a7f0c19b4b394388bc9ffc446f13b14\text2speech-1.17.9.jar
[Architectury Transformer DEBUG]  - C:\Users\flori\.gradle\caches\modules-2\files-2.1\com.nimbusds\content-type\2.3\e3aa0be212d7a42839a8f3f506f5b990bcce0222\content-type-2.3.jar
[Architectury Transformer DEBUG]  - C:\Users\flori\.gradle\caches\modules-2\files-2.1\com.nimbusds\lang-tag\1.7\97c73ecd70bc7e8eefb26c5eea84f251a63f1031\lang-tag-1.7.jar
[Architectury Transformer DEBUG]  - C:\Users\flori\.gradle\caches\modules-2\files-2.1\com.nimbusds\nimbus-jose-jwt\9.40\42b1dfa0360e4062951b070bac52dd8d96fd7b38\nimbus-jose-jwt-9.40.jar
[Architectury Transformer DEBUG]  - C:\Users\flori\.gradle\caches\modules-2\files-2.1\com.nimbusds\oauth2-oidc-sdk\11.18\7c7ec4f4066625ff07a711ad856fa04da1ff9de\oauth2-oidc-sdk-11.18.jar
[Architectury Transformer DEBUG]  - C:\Users\flori\.gradle\caches\modules-2\files-2.1\commons-codec\commons-codec\1.17.1\973638b7149d333563584137ebf13a691bb60579\commons-codec-1.17.1.jar
[Architectury Transformer DEBUG]  - C:\Users\flori\.gradle\caches\modules-2\files-2.1\commons-io\commons-io\2.17.0\ddcc8433eb019fb48fe25207c0278143f3e1d7e2\commons-io-2.17.0.jar
[Architectury Transformer DEBUG]  - C:\Users\flori\.gradle\caches\modules-2\files-2.1\commons-logging\commons-logging\1.3.4\b9fc14968d63a8b8a8a2c1885fe3e90564239708\commons-logging-1.3.4.jar
[Architectury Transformer DEBUG]  - C:\Users\flori\.gradle\caches\modules-2\files-2.1\io.netty\netty-buffer\4.1.115.Final\d5daf1030e5c36d198caf7562da2441a97ec0df6\netty-buffer-4.1.115.Final.jar
[Architectury Transformer DEBUG]  - C:\Users\flori\.gradle\caches\modules-2\files-2.1\io.netty\netty-codec\4.1.115.Final\d326bf3a4c785b272da3db6941779a1bd5448378\netty-codec-4.1.115.Final.jar
[Architectury Transformer DEBUG]  - C:\Users\flori\.gradle\caches\modules-2\files-2.1\io.netty\netty-common\4.1.115.Final\9da10a9f72e3f87e181d91b525174007a6fc4f11\netty-common-4.1.115.Final.jar
[Architectury Transformer DEBUG]  - C:\Users\flori\.gradle\caches\modules-2\files-2.1\io.netty\netty-handler\4.1.115.Final\d54dbf68b9d88a98240107758c6b63da5e46e23a\netty-handler-4.1.115.Final.jar
[Architectury Transformer DEBUG]  - C:\Users\flori\.gradle\caches\modules-2\files-2.1\io.netty\netty-resolver\4.1.115.Final\e33b4d476c03975957f5d8d0319d592bf2bc5e96\netty-resolver-4.1.115.Final.jar
[Architectury Transformer DEBUG]  - C:\Users\flori\.gradle\caches\modules-2\files-2.1\io.netty\netty-transport-classes-epoll\4.1.115.Final\11fea00408ecbd8b8d1f0698d708e37db4a01841\netty-transport-classes-epoll-4.1.115.Final.jar
[Architectury Transformer DEBUG]  - C:\Users\flori\.gradle\caches\modules-2\files-2.1\io.netty\netty-transport-native-unix-common\4.1.115.Final\dc96c67d06cd6b5eb677f2728f27bf2e3d9a7284\netty-transport-native-unix-common-4.1.115.Final.jar
[Architectury Transformer DEBUG]  - C:\Users\flori\.gradle\caches\modules-2\files-2.1\io.netty\netty-transport\4.1.115.Final\39cef77c1a25908ac1abf4960c2e789f0bf70ff9\netty-transport-4.1.115.Final.jar
[Architectury Transformer DEBUG]  - C:\Users\flori\.gradle\caches\modules-2\files-2.1\it.unimi.dsi\fastutil\8.5.15\1e885b40c9563ab0d3899b871fd0b30e958705dc\fastutil-8.5.15.jar
[Architectury Transformer DEBUG]  - C:\Users\flori\.gradle\caches\modules-2\files-2.1\net.java.dev.jna\jna-platform\5.15.0\86b502cad57d45da172b5e3231c537b042e296ef\jna-platform-5.15.0.jar
[Architectury Transformer DEBUG]  - C:\Users\flori\.gradle\caches\modules-2\files-2.1\net.java.dev.jna\jna\5.15.0\1ee1d80ff44f08280188f7c0e740d57207841ac\jna-5.15.0.jar
[Architectury Transformer DEBUG]  - C:\Users\flori\.gradle\caches\modules-2\files-2.1\net.minidev\accessors-smart\2.5.1\19b820261eb2e7de7d5bde11d1c06e4501dd7e5f\accessors-smart-2.5.1.jar
[Architectury Transformer DEBUG]  - C:\Users\flori\.gradle\caches\modules-2\files-2.1\net.minidev\json-smart\2.5.1\4c11d2808d009132dfbbf947ebf37de6bf266c8e\json-smart-2.5.1.jar
[Architectury Transformer DEBUG]  - C:\Users\flori\.gradle\caches\modules-2\files-2.1\net.sf.jopt-simple\jopt-simple\5.0.4\4fdac2fbe92dfad86aa6e9301736f6b4342a3f5c\jopt-simple-5.0.4.jar
[Architectury Transformer DEBUG]  - C:\Users\flori\.gradle\caches\modules-2\files-2.1\org.apache.commons\commons-compress\1.27.1\a19151084758e2fbb6b41eddaa88e7b8ff4e6599\commons-compress-1.27.1.jar
[Architectury Transformer DEBUG]  - C:\Users\flori\.gradle\caches\modules-2\files-2.1\org.apache.commons\commons-lang3\3.17.0\b17d2136f0460dcc0d2016ceefca8723bdf4ee70\commons-lang3-3.17.0.jar
[Architectury Transformer DEBUG]  - C:\Users\flori\.gradle\caches\modules-2\files-2.1\org.apache.httpcomponents\httpclient\4.5.14\1194890e6f56ec29177673f2f12d0b8e627dec98\httpclient-4.5.14.jar
[Architectury Transformer DEBUG]  - C:\Users\flori\.gradle\caches\modules-2\files-2.1\org.apache.httpcomponents\httpcore\4.4.16\51cf043c87253c9f58b539c9f7e44c8894223850\httpcore-4.4.16.jar
[Architectury Transformer DEBUG]  - C:\Users\flori\.gradle\caches\modules-2\files-2.1\org.apache.logging.log4j\log4j-api\2.24.1\7ebeb12c20606373005af4232cd0ecca72613dda\log4j-api-2.24.1.jar
[Architectury Transformer DEBUG]  - C:\Users\flori\.gradle\caches\modules-2\files-2.1\org.apache.logging.log4j\log4j-core\2.24.1\c85285146f28d8c8962384f786e2dff04172fb43\log4j-core-2.24.1.jar
[Architectury Transformer DEBUG]  - C:\Users\flori\.gradle\caches\modules-2\files-2.1\org.apache.logging.log4j\log4j-slf4j2-impl\2.24.1\8e3ddc96464ef7f768823e7e001a52b23de8cd0a\log4j-slf4j2-impl-2.24.1.jar
[Architectury Transformer DEBUG]  - C:\Users\flori\.gradle\caches\modules-2\files-2.1\org.jcraft\jorbis\0.0.17\8872d22b293e8f5d7d56ff92be966e6dc28ebdc6\jorbis-0.0.17.jar
[Architectury Transformer DEBUG]  - C:\Users\flori\.gradle\caches\modules-2\files-2.1\org.joml\joml\1.10.8\fc0a71dad90a2cf41d82a76156a0e700af8e4f8d\joml-1.10.8.jar
[Architectury Transformer DEBUG]  - C:\Users\flori\.gradle\caches\modules-2\files-2.1\org.lwjgl\lwjgl-freetype\3.3.3\a0db6c84a8becc8ca05f9dbfa985edc348a824c7\lwjgl-freetype-3.3.3.jar
[Architectury Transformer DEBUG]  - C:\Users\flori\.gradle\caches\modules-2\files-2.1\org.lwjgl\lwjgl-glfw\3.3.3\efa1eb78c5ccd840e9f329717109b5e892d72f8e\lwjgl-glfw-3.3.3.jar
[Architectury Transformer DEBUG]  - C:\Users\flori\.gradle\caches\modules-2\files-2.1\org.lwjgl\lwjgl-jemalloc\3.3.3\b543467b7ff3c6920539a88ee602d34098628be5\lwjgl-jemalloc-3.3.3.jar
[Architectury Transformer DEBUG]  - C:\Users\flori\.gradle\caches\modules-2\files-2.1\org.lwjgl\lwjgl-openal\3.3.3\daada81ceb5fc0c291fbfdd4433cb8d9423577f2\lwjgl-openal-3.3.3.jar
[Architectury Transformer DEBUG]  - C:\Users\flori\.gradle\caches\modules-2\files-2.1\org.lwjgl\lwjgl-opengl\3.3.3\2f6b0147078396a58979125a4c947664e98293a\lwjgl-opengl-3.3.3.jar
[Architectury Transformer DEBUG]  - C:\Users\flori\.gradle\caches\modules-2\files-2.1\org.lwjgl\lwjgl-stb\3.3.3\25dd6161988d7e65f71d5065c99902402ee32746\lwjgl-stb-3.3.3.jar
[Architectury Transformer DEBUG]  - C:\Users\flori\.gradle\caches\modules-2\files-2.1\org.lwjgl\lwjgl-tinyfd\3.3.3\82d755ca94b102e9ca77283b9e2dc46d1b15fbe5\lwjgl-tinyfd-3.3.3.jar
[Architectury Transformer DEBUG]  - C:\Users\flori\.gradle\caches\modules-2\files-2.1\org.lwjgl\lwjgl\3.3.3\29589b5f87ed335a6c7e7ee6a5775f81f97ecb84\lwjgl-3.3.3.jar
[Architectury Transformer DEBUG]  - C:\Users\flori\.gradle\caches\modules-2\files-2.1\org.lz4\lz4-java\1.8.0\4b986a99445e49ea5fbf5d149c4b63f6ed6c6780\lz4-java-1.8.0.jar
[Architectury Transformer DEBUG]  - C:\Users\flori\.gradle\caches\modules-2\files-2.1\org.slf4j\slf4j-api\2.0.16\172931663a09a1fa515567af5fbef00897d3c04\slf4j-api-2.0.16.jar
[Architectury Transformer DEBUG]  - C:\Users\flori\.gradle\caches\fabric-loom\minecraftMaven\net\minecraft\minecraft-merged\1.21.4-loom.mappings.1_21_4.layered+hash.40545-v2\minecraft-merged-1.21.4-loom.mappings.1_21_4.layered+hash.40545-v2.jar
[Architectury Transformer DEBUG]  - C:\Users\flori\.gradle\caches\modules-2\files-2.1\io.netty\netty-transport-native-epoll\4.1.115.Final\a6cc58c4a259bad159cbb06120cea9b3474e86a0\netty-transport-native-epoll-4.1.115.Final-linux-x86_64.jar
[Architectury Transformer DEBUG]  - C:\Users\flori\.gradle\caches\modules-2\files-2.1\io.netty\netty-transport-native-epoll\4.1.115.Final\a80b32f98ceb4e27958c0ceaf22ddad9ea6c0d4e\netty-transport-native-epoll-4.1.115.Final-linux-aarch_64.jar
[Architectury Transformer DEBUG]  - C:\Users\flori\.gradle\caches\modules-2\files-2.1\com.flowpowered\flow-math\1.0.3\d98020239e5015091ad3be927cef9dea0d61a234\flow-math-1.0.3.jar
[Architectury Transformer DEBUG]  - C:\Users\flori\.gradle\caches\modules-2\files-2.1\com.google.errorprone\error_prone_annotations\2.27.0\91b2c29d8a6148b5e2e4930f070d4840e2e48e34\error_prone_annotations-2.27.0.jar
[Architectury Transformer] Read classpath in 1.650 s
[Architectury Transformer DEBUG] Remapping Classes:
[Architectury Transformer DEBUG] net/fabricmc/api/EnvType -> net/neoforged/api/distmarker/Dist
[Architectury Transformer DEBUG] net/fabricmc/api/Environment -> net/neoforged/api/distmarker/OnlyIn
[Architectury Transformer DEBUG] Found class transformer
[Architectury Transformer DEBUG] Writing fr/florian4600/serverutils/Translatable with maxs=true frames=true
[Architectury Transformer DEBUG] Writing fr/florian4600/compatutils/CompatibilityUtilities with maxs=true frames=true
[Architectury Transformer DEBUG] Writing com/technicjelle/BMUtils with maxs=true frames=true
[Architectury Transformer DEBUG] Writing com/technicjelle/bluemapofflineplayermarkers/Bukkit2ForgeKt with maxs=true frames=true
[Architectury Transformer DEBUG] Writing com/technicjelle/bluemapofflineplayermarkers/MarkerHandler with maxs=true frames=true
[Architectury Transformer DEBUG] Writing com/technicjelle/bluemapofflineplayermarkers/ConfigManager$BannedPlayer$$serializer with maxs=true frames=true
[Architectury Transformer DEBUG] Writing com/technicjelle/bluemapofflineplayermarkers/ConfigManager$BannedPlayer with maxs=true frames=true
[Architectury Transformer DEBUG] Writing com/technicjelle/bluemapofflineplayermarkers/ConfigManager$Config$$serializer with maxs=true frames=true
[Architectury Transformer DEBUG] Writing com/technicjelle/bluemapofflineplayermarkers/BlueMapOfflinePlayerMarkers with maxs=true frames=true
[Architectury Transformer DEBUG] Writing com/technicjelle/bluemapofflineplayermarkers/ConfigManager$Config with maxs=true frames=true
[Architectury Transformer DEBUG] Writing com/technicjelle/bluemapofflineplayermarkers/ConfigManager$Config$GameMode$Companion with maxs=true frames=true
[Architectury Transformer DEBUG] Writing com/technicjelle/bluemapofflineplayermarkers/ConfigManager with maxs=true frames=true
[Architectury Transformer DEBUG] Writing com/technicjelle/bluemapofflineplayermarkers/ConfigManager$Config$GameMode with maxs=true frames=true
[Architectury Transformer DEBUG] Writing com/technicjelle/bluemapofflineplayermarkers/ConfigManager$Config$Companion with maxs=true frames=true
[Architectury Transformer DEBUG] Writing com/technicjelle/bluemapofflineplayermarkers/ConfigManager$BannedPlayer$Companion with maxs=true frames=true
[Architectury Transformer DEBUG] Writing com/technicjelle/bluemapofflineplayermarkers/struct/OfflinePlayer with maxs=true frames=true
[Architectury Transformer DEBUG] Writing com/technicjelle/bluemapofflineplayermarkers/events/OPMEventHandler$Companion with maxs=true frames=true
[Architectury Transformer DEBUG] Writing com/technicjelle/bluemapofflineplayermarkers/events/OPMEventHandler with maxs=true frames=true
[Architectury Transformer DEBUG] Writing com/technicjelle/bluemapofflineplayermarkers/commands/FakeMarkerCommand$Companion with maxs=true frames=true
[Architectury Transformer DEBUG] Writing com/technicjelle/bluemapofflineplayermarkers/commands/DeleteMarkerCommand$Companion with maxs=true frames=true
[Architectury Transformer DEBUG] Writing com/technicjelle/bluemapofflineplayermarkers/commands/DeleteMarkerCommand with maxs=true frames=true
[Architectury Transformer DEBUG] Writing com/technicjelle/bluemapofflineplayermarkers/commands/FakeMarkerCommand with maxs=true frames=true
[Architectury Transformer DEBUG] Closed File Systems for F:\Projects\Games\Moddable\Mc\Programmation\Mods\Cross-Port\BlueMapOfflinePlayerMarkersNeoForge\common\build\libs\bluemapofflineplayermarkers-common-1.4.1-transformProductionNeoForge.jar
[Architectury Transformer] Transformed jar with 5 transformer(s) in 2.370 s
[Architectury Transformer DEBUG] Closed File Systems for F:\Projects\Games\Moddable\Mc\Programmation\Mods\Cross-Port\BlueMapOfflinePlayerMarkersNeoForge\common\build\libs\bluemapofflineplayermarkers-common-1.4.1.jar
